SiO2,Al2O3,MgO,CaO,Na2O,K2O,SO3,Young
65.68,0.0,0.0,0.0,0.0,34.32,0.0,46.45
71.84,0.0,0.0,0.0,0.0,28.16,0.0,49.04
78.33,0.0,0.0,0.0,0.0,21.67,0.0,52.67
56.27,0.0,0.0,0.0,29.02,14.7,0.0,58.2
53.58,0.0,0.0,0.0,18.42,28.0,0.0,55.6
51.13,0.0,0.0,0.0,8.79,40.08,0.0,47.8
67.55,0.0,0.0,0.0,24.88,7.56,0.0,59.2
65.85,0.0,0.0,0.0,19.4,14.75,0.0,55.2
64.23,0.0,0.0,0.0,14.2,21.57,0.0,56.1
62.69,0.0,0.0,0.0,9.24,28.08,0.0,53.9
61.22,0.0,0.0,0.0,4.51,34.27,0.0,52.1
77.44,0.0,0.0,0.0,14.98,7.59,0.0,59.2
75.48,0.0,0.0,0.0,9.73,14.79,0.0,54.2
73.62,0.0,0.0,0.0,4.74,21.64,0.0,56.6
45.36,20.01,0.0,0.0,34.62,0.0,0.0,70.38
49.37,22.85,0.0,0.0,27.78,0.0,0.0,67.62
67.91,0.53,11.12,0.0,20.44,0.0,0.0,72.0
61.05,0.0,0.0,14.91,0.0,24.03,0.0,45.0
66.28,0.0,0.0,15.91,0.0,17.81,0.0,72.1
69.38,0.0,11.97,0.0,0.0,18.65,0.0,63.5
52.36,33.46,0.0,14.17,0.0,0.0,0.0,98.2
53.28,30.14,0.0,16.58,0.0,0.0,0.0,93.7
55.82,20.99,0.0,23.18,0.0,0.0,0.0,91.8
58.0,13.12,0.0,28.87,0.0,0.0,0.0,93.1
47.18,29.49,23.32,0.0,0.0,0.0,0.0,109.7
48.42,25.94,25.64,0.0,0.0,0.0,0.0,111.0
49.71,22.2,28.08,0.0,0.0,0.0,0.0,109.9
48.05,32.61,19.34,0.0,0.0,0.0,0.0,108.1
49.26,29.26,21.48,0.0,0.0,0.0,0.0,109.2
50.54,25.73,23.73,0.0,0.0,0.0,0.0,109.4
51.88,22.01,26.1,0.0,0.0,0.0,0.0,108.9
53.3,18.09,28.61,0.0,0.0,0.0,0.0,107.4
52.03,32.1,15.86,0.0,0.0,0.0,0.0,104.1
53.32,28.79,17.88,0.0,0.0,0.0,0.0,103.9
54.68,25.3,20.01,0.0,0.0,0.0,0.0,106.8
56.11,21.64,22.24,0.0,0.0,0.0,0.0,106.4
57.62,17.78,24.6,0.0,0.0,0.0,0.0,104.4
51.59,32.97,0.0,0.0,15.43,0.0,0.0,78.0
52.37,29.62,0.0,0.0,18.01,0.0,0.0,73.9
53.62,24.26,0.0,0.0,22.12,0.0,0.0,73.0
56.29,12.74,0.0,0.0,30.97,0.0,0.0,69.2
47.72,34.7,0.0,0.0,17.58,0.0,0.0,77.5
52.37,29.62,0.0,0.0,18.01,0.0,0.0,73.2
65.06,15.77,0.0,0.0,19.17,0.0,0.0,69.8
72.04,8.15,0.0,0.0,19.81,0.0,0.0,65.0
60.29,8.12,0.0,0.0,31.59,0.0,0.0,63.9
62.24,8.12,0.0,0.0,29.63,0.0,0.0,63.4
58.51,22.91,0.0,0.0,18.57,0.0,0.0,71.3
57.65,26.34,0.0,0.0,16.01,0.0,0.0,71.2
36.98,41.83,0.0,0.0,21.19,0.0,0.0,78.5
42.3,35.89,0.0,0.0,21.81,0.0,0.0,73.9
47.94,29.58,0.0,0.0,22.48,0.0,0.0,70.9
53.94,22.88,0.0,0.0,23.18,0.0,0.0,68.4
60.32,15.75,0.0,0.0,23.93,0.0,0.0,67.0
67.13,8.14,0.0,0.0,24.73,0.0,0.0,63.5
50.89,35.98,0.0,0.0,13.12,0.0,0.0,77.3
56.81,29.66,0.0,0.0,13.52,0.0,0.0,73.7
63.11,22.94,0.0,0.0,13.95,0.0,0.0,71.9
69.81,15.79,0.0,0.0,14.4,0.0,0.0,70.9
76.95,8.16,0.0,0.0,14.88,0.0,0.0,65.3
59.1,19.28,0.0,0.0,16.88,0.0,0.0,74.9
55.6,15.72,0.0,0.0,28.67,0.0,0.0,72.3
71.61,0.0,3.81,10.13,14.04,0.0,0.0,64.0
58.33,25.0,15.0,0.0,0.0,0.0,0.0,97.23
56.66,25.0,15.0,0.0,0.0,0.0,0.0,97.98
75.89,1.15,0.0,8.77,13.67,0.52,0.0,74.0
69.38,0.0,11.97,0.0,0.0,18.65,0.0,62.23
66.28,0.0,0.0,15.91,0.0,17.81,0.0,70.66
67.8,0.53,11.16,0.0,20.5,0.0,0.0,70.56
66.31,0.68,0.0,15.73,17.28,0.0,0.0,69.58
71.92,0.54,0.0,0.0,0.0,26.79,0.0,66.64
61.62,0.31,0.0,14.53,0.0,23.53,0.0,55.86
71.65,1.68,1.68,9.5,13.66,1.58,0.0,66.85
68.69,3.89,2.89,5.48,17.75,1.3,0.0,60.76
72.91,0.0,0.0,0.0,0.0,22.86,0.0,60.27
57.0,22.0,7.0,10.0,0.0,0.0,0.0,89.18
48.0,28.0,16.0,8.0,0.0,0.0,0.0,99.96
54.0,34.0,4.0,8.0,0.0,0.0,0.0,88.2
67.0,21.0,4.0,8.0,0.0,0.0,0.0,87.22
55.0,24.0,5.0,16.0,0.0,0.0,0.0,95.06
50.0,10.0,22.0,0.0,18.0,0.0,0.0,98.0
54.0,8.0,22.0,0.0,16.0,0.0,0.0,98.0
54.0,10.0,20.0,0.0,12.0,4.0,0.0,98.0
52.0,10.0,20.0,0.0,12.0,4.0,0.0,98.0
54.0,8.0,18.0,0.0,16.0,0.0,0.0,98.0
55.0,8.0,18.0,0.0,18.0,0.0,0.0,98.0
52.0,12.0,18.0,0.0,18.0,0.0,0.0,98.0
58.0,8.0,20.0,0.0,14.0,0.0,0.0,98.0
58.0,8.0,20.0,0.0,12.0,2.0,0.0,98.0
54.0,8.0,20.0,0.0,14.0,0.0,0.0,98.0
64.0,4.0,16.0,0.0,16.0,0.0,0.0,98.0
59.05,2.86,17.14,0.0,19.05,0.0,0.0,98.0
60.0,5.0,20.0,0.0,15.0,0.0,0.0,98.0
48.0,14.0,18.0,0.0,20.0,0.0,0.0,98.0
46.0,12.0,20.0,0.0,20.0,0.0,0.0,98.0
45.0,13.0,22.0,0.0,20.0,0.0,0.0,98.0
53.5,10.0,20.0,0.0,14.0,0.0,0.0,98.0
51.5,10.0,20.0,0.0,16.0,0.0,0.0,98.0
51.8,10.0,20.0,0.0,16.0,0.0,0.0,98.0
52.95,9.0,20.0,0.0,16.0,0.0,0.0,98.0
55.0,10.0,35.0,0.0,0.0,0.0,0.0,115.0
7.85,87.06,5.0,0.0,0.0,0.0,0.0,120.0
54.29,9.87,34.55,0.0,0.0,0.0,0.0,125.0
53.76,9.78,34.21,0.0,0.0,0.0,0.0,133.0
53.14,9.66,33.82,0.0,0.0,0.0,0.0,144.0
53.04,9.64,33.75,0.0,0.0,0.0,0.0,150.0
52.88,9.62,33.65,0.0,0.0,0.0,0.0,150.0
72.0,2.0,2.0,8.0,15.0,1.0,0.0,76.6
58.14,14.25,0.37,0.19,14.48,10.81,0.0,70.7
96.0,1.0,0.0,0.0,0.0,0.0,0.0,65.9
57.0,20.0,12.0,6.0,1.0,0.0,0.0,89.1
72.0,2.0,4.0,7.0,14.0,1.0,0.0,73.4
67.8,5.0,1.5,11.5,13.0,1.0,0.0,70.56
67.8,5.0,3.5,9.0,11.5,3.0,0.0,70.56
68.07,2.01,4.02,8.03,12.55,1.0,0.0,72.52
56.29,12.74,0.0,0.0,30.97,0.0,0.0,68.0
52.37,29.62,0.0,0.0,18.01,0.0,0.0,74.0
51.62,32.85,0.0,0.0,15.53,0.0,0.0,77.0
65.06,15.77,0.0,0.0,19.17,0.0,0.0,70.0
47.72,34.7,0.0,0.0,17.58,0.0,0.0,78.0
58.0,13.12,0.0,28.87,0.0,0.0,0.0,92.5
55.81,21.04,0.0,23.15,0.0,0.0,0.0,91.25
53.28,30.14,0.0,16.58,0.0,0.0,0.0,91.25
54.2,26.82,0.0,18.97,0.0,0.0,0.0,98.0
72.3,1.2,0.0,13.9,12.6,0.0,0.0,55.0
74.4,0.0,0.0,0.0,0.0,25.6,0.0,49.03
71.84,0.0,0.0,0.0,0.0,28.16,0.0,47.67
68.72,0.0,0.0,0.0,0.0,31.28,0.0,46.04
65.68,0.0,0.0,0.0,0.0,34.32,0.0,43.92
72.49,0.0,3.9,8.4,13.8,0.42,0.0,72.5
76.95,8.16,0.0,0.0,14.88,0.0,0.0,65.0
35.22,32.18,0.0,29.58,0.0,0.0,0.0,111.4
34.99,35.62,0.0,29.39,0.0,0.0,0.0,102.2
34.99,35.62,0.0,29.39,0.0,0.0,0.0,105.7
71.0,3.0,5.0,7.0,13.0,1.0,0.0,70.56
73.0,1.0,4.0,5.0,17.0,0.0,0.0,69.58
70.5,2.0,3.0,4.2,12.2,5.3,0.2,73.03
72.77,1.5,4.1,5.71,14.51,0.3,0.2,71.65
61.0,17.0,4.0,0.0,13.0,3.0,0.0,71.54
60.2,18.0,9.0,6.7,1.6,0.0,0.0,86.12
96.5,0.5,0.0,0.0,0.0,0.0,0.0,66.15
96.0,0.0,0.0,0.0,0.4,0.0,0.0,17.25
68.2,2.01,0.0,8.22,7.92,9.43,0.0,72.34
74.0,20.0,2.0,0.0,0.0,0.0,0.0,85.26
72.7,1.0,3.9,8.4,13.0,0.6,0.0,73.0
72.0,2.0,3.0,9.0,14.0,0.0,0.0,70.56
65.0,25.0,10.0,0.0,0.0,0.0,0.0,85.5
58.23,11.24,2.71,22.09,0.5,0.3,0.0,72.23
72.0,2.0,4.0,9.0,12.0,1.0,0.0,24.5
28.0,70.0,0.0,0.0,0.0,0.0,0.0,187.0
78.59,16.63,0.0,0.0,0.0,0.0,0.0,79.1
81.98,14.01,0.0,0.0,0.0,0.0,0.0,76.3
84.53,12.04,0.0,0.0,0.0,0.0,0.0,76.2
6.23,42.26,4.18,47.33,0.0,0.0,0.0,109.4
52.38,9.11,13.97,24.54,0.0,0.0,0.0,89.0
78.33,0.0,0.0,0.0,0.0,21.67,0.0,62.0
65.68,0.0,0.0,0.0,0.0,34.32,0.0,56.4
56.43,0.0,0.0,0.0,0.0,43.57,0.0,54.0
58.0,20.0,2.0,3.0,13.0,4.0,0.0,74.41
51.37,34.93,13.7,0.0,0.0,0.0,0.0,104.9
50.17,35.05,13.75,0.0,0.0,0.0,0.0,106.3
49.05,35.11,13.77,0.0,0.0,0.0,0.0,109.7
46.62,35.36,13.86,0.0,0.0,0.0,0.0,113.9
55.0,15.0,0.0,0.0,30.0,0.0,0.0,68.9
74.28,1.03,3.59,5.09,15.53,0.47,0.0,67.6
72.0,1.04,3.96,9.98,13.02,0.0,0.0,72.41
72.57,0.0,0.0,9.44,14.01,2.49,0.0,72.73
73.1,0.0,0.0,2.18,14.74,5.03,0.0,72.09
57.02,20.47,12.01,5.54,1.0,0.0,0.0,87.59
62.1,18.59,0.0,0.0,15.07,0.0,0.0,71.81
67.47,12.72,0.0,0.0,15.46,0.0,0.0,71.57
73.13,6.53,0.0,0.0,15.88,0.0,0.0,70.34
55.92,29.65,0.0,0.0,14.42,0.0,0.0,72.3
60.9,24.31,0.0,0.0,14.78,0.0,0.0,70.6
66.14,18.7,0.0,0.0,15.16,0.0,0.0,68.63
71.64,12.8,0.0,0.0,15.56,0.0,0.0,66.67
77.45,6.57,0.0,0.0,15.98,0.0,0.0,64.95
59.81,0.0,0.0,0.0,0.0,40.18,0.0,54.7
77.01,0.0,0.0,0.0,0.0,22.99,0.0,61.3
56.34,13.19,9.69,16.28,0.4,0.4,0.0,121.0
81.97,13.94,0.0,0.0,0.0,0.0,0.0,74.5
71.65,12.11,0.0,0.0,16.23,0.0,0.0,65.3
65.73,11.17,0.0,0.0,23.1,0.0,0.0,63.8
64.44,10.93,0.0,0.0,24.63,0.0,0.0,61.2
63.24,10.7,0.0,0.0,26.06,0.0,0.0,60.9
62.66,10.7,0.0,0.0,26.64,0.0,0.0,61.0
61.58,10.38,0.0,0.0,28.04,0.0,0.0,60.6
60.36,10.22,0.0,0.0,29.41,0.0,0.0,60.3
59.33,10.07,0.0,0.0,30.6,0.0,0.0,60.1
56.54,9.59,0.0,0.0,33.86,0.0,0.0,58.7
52.91,8.96,0.0,0.0,38.13,0.0,0.0,58.5
47.68,10.49,0.0,0.0,41.83,0.0,0.0,57.4
78.52,13.36,0.0,0.0,8.12,0.0,0.0,66.9
59.49,25.2,0.0,0.0,15.32,0.0,0.0,68.0
52.37,29.62,0.0,0.0,18.01,0.0,0.0,69.3
42.3,35.89,0.0,0.0,21.81,0.0,0.0,70.2
54.55,9.38,0.3,29.39,2.77,3.02,0.0,53.13
47.69,8.21,0.26,38.27,2.42,2.64,0.0,58.65
48.97,8.43,15.36,21.52,2.49,2.71,0.0,60.72
61.48,10.2,3.81,16.65,2.14,2.72,0.0,35.19
71.84,0.0,0.0,0.0,0.0,28.16,0.0,48.49
78.33,0.0,0.0,0.0,0.0,21.67,0.0,52.17
81.02,0.0,0.0,0.0,0.0,18.98,0.0,53.04
68.04,4.34,0.57,7.95,11.81,2.82,0.0,73.5
56.89,14.24,0.0,0.0,28.86,0.0,0.0,63.8
69.5,16.92,13.58,0.0,0.0,0.0,0.0,93.0
68.11,19.9,11.99,0.0,0.0,0.0,0.0,91.0
66.09,24.3,9.61,0.0,0.0,0.0,0.0,91.0
64.98,26.58,8.44,0.0,0.0,0.0,0.0,92.0
63.58,29.56,6.85,0.0,0.0,0.0,0.0,94.0
72.51,1.31,3.52,8.26,14.4,0.0,0.0,51.75
6.23,42.26,4.18,47.33,0.0,0.0,0.0,109.2
96.3,0.4,0.0,0.0,0.2,0.2,0.0,66.93
4.8,44.7,4.8,40.89,0.0,0.0,0.0,113.2
5.0,47.01,5.0,42.99,0.0,0.0,0.0,110.2
10.0,44.5,5.0,40.5,0.0,0.0,0.0,109.2
72.97,0.1,3.89,8.93,13.7,0.03,0.25,72.5
8.48,43.18,0.0,39.58,8.75,0.0,0.0,80.04
8.88,45.23,0.0,41.46,0.0,0.0,0.0,97.98
8.75,44.54,5.87,40.83,0.0,0.0,0.0,103.5
3.39,46.0,0.0,50.61,0.0,0.0,0.0,100.1
8.55,43.54,0.0,47.9,0.0,0.0,0.0,101.4
6.0,43.62,0.0,50.38,0.0,0.0,0.0,100.7
3.43,43.69,0.0,52.87,0.0,0.0,0.0,100.1
8.85,45.06,8.91,37.18,0.0,0.0,0.0,105.6
8.65,44.04,2.9,44.41,0.0,0.0,0.0,100.1
3.53,44.91,7.1,44.46,0.0,0.0,0.0,103.2
3.5,44.6,5.29,46.61,0.0,0.0,0.0,115.9
3.48,44.29,3.5,48.72,0.0,0.0,0.0,110.4
3.46,43.99,1.74,50.81,0.0,0.0,0.0,102.8
3.42,43.47,0.0,47.82,5.28,0.0,0.0,107.0
3.4,43.26,0.0,42.82,10.52,0.0,0.0,104.9
3.39,43.11,0.0,39.52,13.98,0.0,0.0,96.6
3.38,43.0,0.0,37.06,16.56,0.0,0.0,89.7
8.72,44.37,0.0,44.74,0.0,0.0,0.0,97.29
19.99,49.99,0.0,30.01,0.0,0.0,0.0,108.6
30.0,40.0,0.0,30.0,0.0,0.0,0.0,103.5
39.97,30.02,0.0,30.01,0.0,0.0,0.0,98.8
50.04,19.94,0.0,30.02,0.0,0.0,0.0,93.3
60.0,9.98,0.0,30.01,0.0,0.0,0.0,90.1
65.08,4.93,0.0,29.99,0.0,0.0,0.0,87.2
74.95,0.6,0.0,10.78,9.78,3.89,0.0,70.56
75.0,2.0,0.0,2.0,13.0,4.0,0.0,72.52
58.54,6.84,0.95,3.5,22.58,4.9,0.0,79.77
63.5,15.5,4.0,13.0,2.0,0.0,0.0,73.5
96.65,0.4,0.0,0.0,0.02,0.02,0.0,94.08
64.36,24.82,10.31,0.0,0.0,0.0,0.0,85.75
60.0,24.9,0.0,0.0,15.1,0.0,0.0,63.48
72.5,1.5,3.0,10.0,13.0,0.0,0.0,66.93
41.0,39.5,0.0,18.5,0.0,0.0,0.0,102.1
40.8,39.7,0.0,19.0,0.0,0.0,0.0,122.1
42.76,36.26,0.0,19.98,0.0,0.0,0.0,103.5
44.58,36.12,2.79,16.02,0.0,0.0,0.0,141.5
46.97,35.62,6.87,10.05,0.0,0.0,0.0,142.8
48.61,35.19,9.64,6.06,0.0,0.0,0.0,146.3
60.0,25.0,10.0,5.0,0.0,0.0,0.0,119.0
60.0,25.0,10.0,5.0,0.0,0.0,0.0,120.0
55.0,25.0,15.0,5.0,0.0,0.0,0.0,131.0
55.0,25.0,15.0,5.0,0.0,0.0,0.0,128.0
55.0,20.0,20.0,5.0,0.0,0.0,0.0,150.0
55.0,20.0,20.0,5.0,0.0,0.0,0.0,131.0
50.0,30.0,15.0,5.0,0.0,0.0,0.0,133.0
50.0,30.0,15.0,5.0,0.0,0.0,0.0,122.0
55.0,30.0,10.0,5.0,0.0,0.0,0.0,113.0
55.0,30.0,10.0,5.0,0.0,0.0,0.0,90.0
55.0,30.0,10.0,5.0,0.0,0.0,0.0,129.0
55.0,30.0,10.0,5.0,0.0,0.0,0.0,127.0
50.0,34.0,11.0,5.0,0.0,0.0,0.0,101.0
50.0,34.0,11.0,5.0,0.0,0.0,0.0,63.5
54.55,13.64,18.18,13.64,0.0,0.0,0.0,150.0
54.55,13.64,18.18,13.64,0.0,0.0,0.0,133.0
64.27,31.16,0.0,0.0,0.0,0.0,0.0,88.9
58.45,0.0,0.0,0.0,0.0,41.55,0.0,41.85
63.42,0.0,0.0,0.0,0.0,36.58,0.0,44.59
70.09,0.0,0.0,0.0,0.0,29.91,0.0,48.02
76.09,0.0,0.0,0.0,0.0,23.91,0.0,50.86
85.16,0.0,0.0,0.0,0.0,14.83,0.0,57.0
82.39,0.0,0.0,0.0,0.0,17.61,0.0,54.0
55.0,21.23,20.0,0.0,0.0,0.0,0.0,137.0
74.06,0.24,0.0,0.21,25.35,0.0,0.0,56.69
74.24,0.21,0.0,1.51,23.9,0.0,0.0,58.12
73.99,0.28,0.0,2.61,22.97,0.0,0.0,60.53
74.14,0.38,0.0,3.81,21.52,0.0,0.0,62.07
73.79,0.58,0.15,4.5,20.78,0.0,0.0,62.99
73.22,0.3,0.21,6.26,19.39,0.0,0.0,65.67
74.4,0.31,0.24,7.45,17.2,0.0,0.0,66.69
75.05,0.42,0.26,8.17,16.01,0.0,0.0,68.28
74.89,0.45,0.28,9.35,14.87,0.0,0.0,68.95
74.53,0.38,0.3,10.37,14.21,0.0,0.0,71.06
74.85,0.0,0.31,11.67,13.01,0.0,0.0,67.76
66.6,1.41,0.85,18.14,12.7,0.0,0.0,81.79
57.16,16.16,0.0,26.67,0.0,0.0,0.0,86.2
65.4,1.15,0.0,30.57,0.0,0.0,0.0,93.5
6.23,42.26,4.18,47.33,0.0,0.0,0.0,104.4
0.0,100.0,0.0,0.0,0.0,0.0,0.0,122.0
16.42,83.58,0.0,0.0,0.0,0.0,0.0,113.0
39.92,60.07,0.0,0.0,0.0,0.0,0.0,101.0
66.36,33.63,0.0,0.0,0.0,0.0,0.0,90.0
87.14,12.86,0.0,0.0,0.0,0.0,0.0,78.0
95.01,4.99,0.0,0.0,0.0,0.0,0.0,74.0
62.64,16.65,3.55,0.61,13.1,3.45,0.0,91.0
57.54,4.75,11.48,7.7,17.87,0.49,0.0,70.0
43.2,36.65,0.0,20.16,0.0,0.0,0.0,120.0
43.2,36.65,0.0,20.16,0.0,0.0,0.0,135.0
43.2,36.65,0.0,20.16,0.0,0.0,0.0,115.0
43.2,36.65,0.0,20.16,0.0,0.0,0.0,90.0
51.36,34.85,13.78,0.0,0.0,0.0,0.0,150.0
51.36,34.85,13.78,0.0,0.0,0.0,0.0,185.0
51.36,34.85,13.78,0.0,0.0,0.0,0.0,170.0
51.36,34.85,13.78,0.0,0.0,0.0,0.0,136.0
71.44,0.6,4.03,9.6,13.98,0.03,0.3,73.0
73.33,2.52,0.0,11.1,12.27,0.78,0.0,75.0
74.11,2.55,2.69,7.48,12.39,0.78,0.0,72.0
74.89,2.57,5.43,3.78,12.53,0.79,0.0,71.0
51.36,34.85,13.78,0.0,0.0,0.0,0.0,101.5
74.23,2.06,1.03,8.25,13.4,1.03,0.0,70.56
72.0,2.0,4.0,8.0,13.0,1.0,0.0,70.56
45.8,38.8,15.4,0.0,0.0,0.0,0.0,101.0
60.94,34.52,0.0,0.0,0.0,0.0,0.0,80.0
60.94,34.52,0.0,0.0,0.0,0.0,0.0,70.0
60.94,34.52,0.0,0.0,0.0,0.0,0.0,105.0
60.94,34.52,0.0,0.0,0.0,0.0,0.0,135.0
63.69,27.06,5.32,0.0,0.0,0.0,0.0,28.9884
77.84,0.0,0.0,0.0,16.06,6.1,0.0,63.3
71.32,0.0,0.0,0.0,23.08,5.59,0.0,62.5
68.35,0.0,0.0,0.0,14.1,17.55,0.0,60.3
79.63,0.0,0.0,0.0,14.75,5.61,0.0,62.9
74.0,0.0,3.91,7.5,14.39,0.15,0.0,69.0
51.4,34.83,13.77,0.0,0.0,0.0,0.0,186.0
43.2,36.65,0.0,20.16,0.0,0.0,0.0,158.0
65.61,0.0,0.0,0.0,16.89,17.5,0.0,45.09
67.98,0.0,0.0,0.0,15.61,16.41,0.0,48.39
69.91,0.0,0.0,0.0,14.87,15.22,0.0,51.74
71.51,0.0,0.0,0.0,13.51,14.98,0.0,56.12
74.72,0.0,0.0,0.0,12.4,12.88,0.0,57.27
43.2,36.65,0.0,20.16,0.0,0.0,0.0,125.0
70.81,1.72,4.07,5.66,17.74,0.0,0.0,72.0
72.5,1.2,4.31,6.42,14.36,1.2,0.0,72.0
73.65,0.34,3.02,9.17,13.82,0.0,0.0,83.89
57.1,23.8,12.4,1.9,0.0,0.0,0.0,120.0
57.1,23.8,12.4,1.9,0.0,0.0,0.0,157.0
57.1,23.8,12.4,1.9,0.0,0.0,0.0,115.0
57.1,23.8,12.4,1.9,0.0,0.0,0.0,146.0
57.1,23.8,12.4,1.9,0.0,0.0,0.0,106.0
57.1,23.8,12.4,1.9,0.0,0.0,0.0,140.0
57.1,23.8,12.4,1.9,0.0,0.0,0.0,135.0
57.1,23.8,12.4,1.9,0.0,0.0,0.0,110.0
51.4,34.83,13.77,0.0,0.0,0.0,0.0,98.7
51.4,34.83,13.77,0.0,0.0,0.0,0.0,127.5
46.25,26.16,27.58,0.0,0.0,0.0,0.0,99.0
70.5,0.89,5.05,8.91,13.66,0.0,0.0,66.0
67.81,0.86,4.86,8.57,13.14,0.0,0.0,39.5
0.0,100.0,0.0,0.0,0.0,0.0,0.0,125.0
0.0,100.0,0.0,0.0,0.0,0.0,0.0,120.0
68.26,0.0,0.0,8.61,0.0,23.14,0.0,62.4
71.59,2.08,2.8,6.27,15.39,0.59,0.58,71.9
61.2,27.5,0.3,0.3,5.5,4.2,0.0,87.22
61.6,28.3,0.3,0.3,4.8,3.7,0.0,87.22
62.7,28.0,0.3,0.2,4.4,3.2,0.0,90.16
62.3,27.2,0.4,0.3,4.8,3.7,0.0,90.16
63.8,27.1,0.3,0.2,4.4,3.0,0.0,91.14
63.9,25.2,0.3,0.3,5.1,3.7,0.0,88.2
64.7,25.4,0.3,0.3,4.5,3.0,0.0,87.22
67.9,23.7,0.3,0.3,3.6,2.7,0.0,80.36
67.8,23.9,0.3,0.3,3.6,2.7,0.0,81.34
68.2,23.6,0.3,0.3,3.5,2.7,0.0,82.32
67.7,24.0,0.3,0.2,3.7,2.6,0.0,81.34
60.9,27.3,2.3,3.3,2.8,2.1,0.0,96.04
61.3,27.5,1.7,2.4,3.2,2.4,0.0,118.6
61.9,27.7,1.1,1.5,3.7,2.8,0.0,102.9
62.2,27.9,0.7,0.9,4.0,3.0,0.0,90.16
63.4,28.3,0.3,0.3,3.4,2.5,0.0,96.04
60.3,28.3,3.8,0.3,3.3,2.5,0.0,92.12
60.6,27.9,0.3,3.9,3.4,2.5,0.0,92.12
62.0,28.3,2.1,0.4,3.3,2.5,0.0,94.08
73.9,19.2,0.3,0.2,2.9,2.2,0.0,67.62
62.9,27.8,0.3,0.2,4.4,3.2,0.0,87.22
62.5,27.9,0.3,0.3,4.3,3.3,0.0,86.24
62.7,28.0,0.3,0.2,4.5,3.1,0.0,80.36
57.0,34.0,0.4,0.4,3.5,2.5,0.0,80.36
50.4,38.0,0.6,0.6,5.1,3.0,0.0,79.38
63.0,27.7,0.3,0.2,4.4,3.1,0.0,82.32
63.3,27.2,0.3,0.3,4.4,3.2,0.0,86.24
58.0,28.4,0.1,0.1,1.1,10.1,0.0,79.38
62.1,28.0,0.3,0.3,2.6,4.5,0.0,79.38
65.3,21.1,0.8,0.9,6.6,4.0,0.0,96.04
61.0,28.0,1.4,2.1,2.0,3.9,0.0,89.18
68.2,23.9,0.3,0.3,3.5,2.7,0.0,82.32
60.9,27.3,2.3,2.3,2.8,2.1,0.0,96.04
71.95,0.76,0.75,11.07,14.99,0.12,0.49,98.0
71.68,1.61,2.68,9.89,13.11,0.5,0.12,87.0
78.33,0.0,0.0,0.0,0.0,21.67,0.0,53.0
71.84,0.0,0.0,0.0,0.0,28.16,0.0,49.0
65.68,0.0,0.0,0.0,0.0,34.32,0.0,47.0
76.36,16.18,5.18,0.0,0.0,0.0,0.0,66.93
75.0,16.31,6.77,0.0,0.0,0.0,0.0,62.79
73.77,19.26,5.71,0.0,0.0,0.0,0.0,63.48
73.33,19.62,5.17,0.0,0.0,0.0,0.0,69.0
77.15,16.16,4.79,0.0,0.0,0.0,0.0,80.04
72.35,18.83,6.92,0.0,0.0,0.0,0.0,76.59
64.32,24.82,8.99,0.0,0.0,0.0,0.0,79.35
63.77,24.53,9.82,0.0,0.0,0.0,0.0,93.15
74.97,17.94,7.09,0.0,0.0,0.0,0.0,67.62
76.36,16.18,5.18,0.0,0.0,0.0,0.0,69.0
73.77,19.26,5.71,0.0,0.0,0.0,0.0,62.79
77.15,16.16,4.79,0.0,0.0,0.0,0.0,80.73
74.76,16.26,6.43,0.0,0.0,0.0,0.0,69.0
72.35,18.83,6.92,0.0,0.0,0.0,0.0,80.04
64.32,24.82,8.99,0.0,0.0,0.0,0.0,86.25
63.77,24.53,9.82,0.0,0.0,0.0,0.0,77.28
65.0,25.0,10.0,0.0,0.0,0.0,0.0,86.24
82.25,0.0,0.0,0.0,0.0,17.75,0.0,53.04
77.27,0.0,0.0,0.0,0.0,22.73,0.0,52.17
72.35,0.0,0.0,0.0,0.0,27.65,0.0,47.51
64.01,0.0,0.0,0.0,0.0,35.99,0.0,47.25
76.09,0.0,0.0,0.0,0.0,23.91,0.0,50.9
73.37,0.0,0.0,0.0,0.0,26.63,0.0,49.5
70.09,0.0,0.0,0.0,0.0,29.91,0.0,48.0
63.42,0.0,0.0,0.0,0.0,36.58,0.0,44.6
61.31,0.0,0.0,0.0,0.0,38.69,0.0,43.4
56.43,0.0,0.0,0.0,0.0,43.57,0.0,40.7
62.16,15.45,5.49,0.0,8.47,3.98,0.0,70.0
61.14,17.23,2.01,0.0,12.73,4.52,0.0,71.0
58.48,18.59,4.01,0.0,11.85,5.02,0.0,72.0
59.76,15.51,2.5,0.0,15.51,4.26,0.0,66.0
60.98,17.03,2.0,0.0,10.72,5.5,0.0,68.0
61.61,17.06,2.01,0.0,10.74,5.51,0.0,68.0
61.43,17.45,1.99,0.0,12.06,5.45,0.0,72.0
61.21,17.4,1.98,0.0,12.02,5.44,0.0,72.0
46.2,33.59,15.81,4.4,0.0,0.0,0.0,108.8
47.99,24.43,9.66,17.92,0.0,0.0,0.0,101.9
52.11,37.9,8.99,0.0,0.0,0.0,0.0,105.0
49.59,38.26,9.08,0.0,0.0,0.0,0.0,135.0
61.47,15.28,5.42,1.09,8.38,3.94,0.0,70.0
61.17,17.5,2.01,0.2,12.72,4.52,0.0,71.0
58.54,19.15,4.02,0.4,11.86,5.02,0.0,72.0
59.74,15.58,2.5,0.12,15.51,4.25,0.0,66.0
61.2,17.62,2.01,0.1,10.77,5.53,0.0,68.0
61.83,17.65,2.02,0.1,10.78,5.54,0.0,68.0
61.24,17.66,1.98,0.2,12.02,5.44,0.0,72.0
75.63,1.0,0.0,12.04,11.03,0.3,0.0,71.4
61.79,17.48,20.73,0.0,0.0,0.0,0.0,100.3
48.05,32.61,19.34,0.0,0.0,0.0,0.0,110.9
25.37,43.06,0.0,31.57,0.0,0.0,0.0,103.6
8.55,43.54,0.0,47.91,0.0,0.0,0.0,106.4
74.17,0.0,0.0,0.0,12.59,13.24,0.0,57.3
65.19,0.0,0.0,0.0,17.29,17.52,0.0,45.1
40.0,20.0,0.0,40.0,0.0,0.0,0.0,86.24
38.84,19.42,0.0,38.84,0.0,0.0,0.0,103.9
70.0,17.0,0.0,0.0,9.0,0.0,0.0,79.87
41.94,31.64,12.39,3.48,7.69,0.0,0.09,91.0
62.17,15.45,5.49,0.0,8.47,3.98,0.0,70.0
38.79,24.07,14.22,0.0,9.82,13.1,0.0,82.32
34.76,22.37,0.0,20.48,9.23,13.16,0.0,82.96
33.72,21.31,0.0,11.67,13.08,19.56,0.0,77.66
48.18,16.25,11.53,0.0,9.64,14.4,0.0,75.35
45.83,22.75,8.08,0.0,9.28,14.06,0.0,76.02
43.32,21.62,0.0,12.05,8.96,13.48,0.0,77.98
54.92,15.26,5.57,0.0,9.6,14.65,0.0,69.6
53.35,14.9,0.0,8.31,9.0,13.92,0.0,73.02
52.18,21.73,0.0,3.89,8.81,13.39,0.0,72.6
58.26,7.24,9.55,0.0,14.08,8.01,0.0,71.49
58.11,6.88,0.0,10.05,22.11,0.0,0.0,74.05
58.38,6.9,0.0,10.14,14.42,7.26,0.0,71.49
37.08,62.92,0.0,0.0,0.0,0.0,0.0,102.0
52.21,29.51,0.0,0.01,17.87,0.0,0.0,68.3
42.3,35.9,0.0,0.0,21.8,0.0,0.0,69.8
54.28,21.9,0.0,0.009952,0.0,23.61,0.0,69.1
50.27,35.46,0.0,0.01,13.95,0.0,0.0,77.4
48.21,19.99,0.0,0.0,0.0,31.8,0.0,59.9
56.7,24.05,9.51,0.0,9.75,0.0,0.0,82.7
54.27,23.66,0.0,12.7,9.37,0.0,0.0,80.6
53.51,23.63,12.77,0.0,9.79,0.0,0.0,86.3
50.49,22.02,0.1,17.61,9.38,0.0,0.0,83.9
55.75,23.11,9.03,0.0,4.7,7.11,0.0,80.6
53.07,22.22,0.07,12.69,4.67,6.96,0.0,79.4
51.96,23.4,12.28,0.0,5.0,7.36,0.0,84.3
49.39,21.85,0.0,17.02,4.71,7.03,0.0,81.9
62.3,24.31,2.43,0.0,7.57,0.0,0.0,81.9
61.17,23.78,0.0,4.34,7.36,0.0,0.0,81.9
61.17,8.02,0.14,17.87,5.52,7.28,0.0,77.7
61.76,8.09,3.07,13.11,6.06,7.91,0.0,77.2
63.17,8.07,6.13,9.16,5.82,7.65,0.0,76.7
62.69,8.42,9.98,4.96,6.29,7.66,0.0,76.6
66.84,8.28,11.79,0.0,5.77,7.32,0.0,75.4
56.69,11.44,1.62,22.17,4.91,0.0,0.0,84.9
55.79,11.35,1.74,21.4,2.57,3.79,0.0,81.4
60.49,13.08,2.72,23.05,0.05,0.0,0.0,84.4
64.8,11.08,5.46,18.66,0.0,0.0,0.0,86.6
65.33,12.54,8.62,13.51,0.0,0.0,0.0,91.9
65.29,13.14,12.0,9.57,0.0,0.0,0.0,89.7
64.67,14.48,15.51,4.85,0.09,0.0,0.0,91.7
60.88,12.43,2.74,13.3,10.04,0.0,0.0,78.2
57.48,10.98,2.71,13.04,0.1,15.18,0.0,71.3
60.49,11.52,2.86,12.61,5.07,7.45,0.0,75.9
52.41,25.5,0.0,0.0,8.78,12.93,0.0,70.5
45.13,15.21,4.43,0.0,14.06,21.17,0.0,69.4
43.27,14.77,0.0,8.02,13.54,20.4,0.0,73.0
42.37,21.21,2.43,0.0,13.88,20.11,0.0,70.1
41.98,21.6,0.0,3.78,13.09,19.55,0.0,72.5
41.46,21.46,0.0,0.0,12.9,19.25,0.0,71.9
51.55,15.0,0.0,0.0,13.3,20.15,0.0,64.9
62.03,15.01,0.0,0.0,9.35,13.61,0.0,66.3
68.42,5.02,0.0,13.58,9.8,0.0,0.0,77.8
64.28,4.72,0.0,12.99,0.03,14.26,0.0,71.0
60.43,0.0,0.08,20.18,19.31,0.0,0.0,80.4
33.33,45.25,2.79,14.77,0.0,0.0,0.0,102.0
71.66,0.6,4.12,9.65,13.67,0.3,0.0,70.0
67.78,2.12,0.1,8.59,16.16,5.15,0.0,68.0
64.19,0.45,0.07,13.32,21.96,0.01,0.0,70.0
63.65,2.47,0.1,13.49,17.62,2.67,0.0,70.0
64.8,2.0,0.5,10.4,17.4,4.9,0.0,68.0
64.0,2.0,0.5,10.4,16.3,4.8,0.0,68.0
65.0,1.0,0.0,14.1,18.9,1.0,0.0,69.0
71.34,0.71,1.02,9.18,11.48,5.1,0.0,73.6
6.14,43.13,4.12,46.61,0.0,0.0,0.0,109.0
34.99,35.62,0.0,29.39,0.0,0.0,0.0,99.6
47.99,24.43,9.66,17.92,0.0,0.0,0.0,99.5
58.0,18.0,23.8,0.0,0.0,0.0,0.0,92.56
50.0,24.2,24.6,0.0,0.0,0.0,0.0,87.56
52.0,26.5,19.1,0.0,0.0,0.0,0.0,92.56
48.0,24.2,23.0,0.0,0.0,0.0,0.0,94.56
54.0,19.2,24.0,0.0,0.0,0.0,0.0,94.56
52.2,28.0,17.2,0.0,0.0,0.0,0.0,101.6
53.2,20.0,24.1,0.0,0.0,0.0,0.0,100.5
53.0,24.1,20.0,0.0,0.0,0.0,0.0,92.48
50.6,29.0,16.0,0.0,0.0,0.0,0.0,106.5
58.0,18.0,23.5,0.0,0.0,0.0,0.0,99.22
50.0,26.9,19.1,0.0,0.0,0.0,0.0,99.22
54.0,18.6,24.0,0.0,0.0,0.0,0.0,101.2
52.1,28.0,16.5,0.0,0.0,0.0,0.0,108.2
52.2,21.0,24.8,0.0,0.0,0.0,0.0,103.9
53.2,22.2,21.6,0.0,0.0,0.0,0.0,95.87
52.0,28.4,16.2,0.0,0.0,0.0,0.0,109.9
48.2,26.0,20.1,0.0,0.0,1.0,0.0,102.9
48.0,28.0,20.2,0.0,0.0,0.0,0.0,110.6
53.2,21.0,22.5,0.0,0.0,0.0,0.0,104.0
53.2,22.2,20.6,0.0,0.0,0.0,0.0,96.04
52.0,27.3,16.2,0.0,0.0,0.0,0.0,110.0
54.2,18.0,23.8,0.0,0.0,0.0,0.0,99.04
52.0,26.5,17.1,0.0,0.0,0.0,0.0,99.04
52.2,28.2,17.2,0.0,0.0,0.0,0.0,108.0
49.5,24.2,22.0,0.0,0.0,0.0,0.0,115.6
53.2,21.0,25.1,0.0,0.0,0.0,0.0,110.4
53.2,24.1,21.4,0.0,0.0,0.0,0.0,102.4
56.2,23.0,16.1,0.0,0.0,0.0,0.0,102.4
52.0,29.5,16.2,0.0,0.0,0.0,0.0,116.4
48.2,26.0,21.9,0.0,0.0,1.0,0.0,109.4
58.0,18.0,23.6,0.0,0.0,0.0,0.0,92.56
54.0,18.2,24.6,0.0,0.0,0.0,0.0,87.56
54.0,26.5,17.0,0.0,0.0,0.0,0.0,92.56
54.0,18.6,24.0,0.0,0.0,0.0,0.0,94.56
55.2,25.2,17.2,0.0,0.0,0.0,0.0,101.6
54.4,16.2,26.7,0.0,0.0,0.0,0.0,99.56
49.5,24.2,22.3,0.0,0.0,0.0,0.0,115.6
42.5,27.0,26.0,0.0,0.0,0.0,0.0,114.6
49.8,21.6,24.8,0.0,0.0,0.0,0.0,110.4
49.5,24.1,22.7,0.0,0.0,0.0,0.0,102.3
49.5,22.0,23.8,0.0,0.0,0.0,0.0,108.2
49.5,28.0,18.1,0.0,0.0,0.0,0.0,117.2
57.0,18.6,23.8,0.0,0.0,0.0,0.0,102.4
51.0,24.2,21.0,0.0,0.0,0.0,0.0,97.45
52.0,26.5,17.3,0.0,0.0,0.0,0.0,102.4
54.0,18.3,24.0,0.0,0.0,0.0,0.0,104.4
52.2,27.4,17.2,0.0,0.0,0.0,0.0,111.4
52.5,19.0,23.8,0.0,0.0,0.0,0.0,100.5
54.2,24.2,17.6,0.0,0.0,0.0,0.0,109.6
53.2,21.0,22.0,0.0,0.0,0.0,0.0,113.2
50.5,23.1,22.2,0.0,0.0,0.0,0.0,113.4
53.2,24.1,18.6,0.0,0.0,0.0,0.0,105.2
49.5,24.2,21.5,0.0,0.0,0.0,0.0,109.4
53.2,21.0,25.3,0.0,0.0,0.0,0.0,104.2
50.5,24.5,22.2,0.0,0.0,0.0,0.0,104.4
53.2,21.9,22.2,0.0,0.0,0.0,0.0,96.16
52.0,27.5,16.7,0.0,0.0,0.0,0.0,110.2
48.2,26.0,20.9,0.0,0.0,1.0,0.0,103.2
58.0,18.0,22.6,0.0,0.0,0.0,0.0,99.66
52.0,26.0,19.5,0.0,0.0,0.0,0.0,99.66
54.0,19.2,23.4,0.0,0.0,0.0,0.0,101.7
52.2,26.2,17.4,0.0,0.0,0.0,0.0,108.7
56.0,16.0,8.0,18.1,0.0,0.0,0.0,90.0
64.5,13.1,2.2,18.1,0.0,0.0,0.0,88.0
55.0,16.0,0.3,24.7,0.0,0.0,0.0,87.0
49.0,14.0,0.5,35.0,1.5,0.0,0.0,135.0
49.0,14.0,0.5,35.0,1.5,0.0,0.0,130.0
59.43,11.45,3.21,23.99,0.51,0.15,0.0,86.0
59.69,12.02,2.67,22.38,1.0,0.46,0.0,83.0
58.14,9.5,3.43,24.14,0.81,0.15,0.0,84.0
61.06,11.13,3.29,19.09,1.92,0.77,0.0,81.0
56.87,6.67,2.51,27.36,1.93,0.77,0.0,85.0
57.95,13.84,2.57,20.23,0.99,0.15,0.0,83.0
58.49,11.52,2.8,23.72,0.8,0.15,0.0,82.0
6.17,42.29,4.19,47.35,0.0,0.0,0.0,109.0
6.24,42.37,0.0,48.29,0.0,0.0,0.0,110.0
6.14,41.68,0.0,47.48,3.17,0.0,0.0,108.0
6.08,40.98,4.08,46.6,0.0,0.0,0.0,112.0
47.72,34.7,0.0,0.0,17.58,0.0,0.0,74.7
55.61,15.72,0.0,0.0,28.67,0.0,0.0,66.8
43.52,29.54,0.0,0.0,26.94,0.0,0.0,72.6
57.16,16.17,0.0,26.67,0.0,0.0,0.0,89.4
44.67,30.32,0.0,25.01,0.0,0.0,0.0,95.0
47.94,16.27,0.0,35.79,0.0,0.0,0.0,94.9
35.95,30.5,0.0,33.55,0.0,0.0,0.0,97.6
59.81,0.0,0.0,0.0,0.0,40.19,0.0,49.0
48.05,32.61,19.34,0.0,0.0,0.0,0.0,116.6
54.53,0.0,0.0,16.97,0.0,28.5,0.0,67.1
50.13,22.68,0.0,6.24,0.0,20.95,0.0,69.46
50.85,23.01,0.0,6.33,2.8,17.01,0.0,73.13
51.61,23.35,0.0,6.42,5.68,12.94,0.0,75.13
52.38,23.7,0.0,6.52,8.64,8.76,0.0,76.62
53.17,24.06,0.0,6.62,11.7,4.45,0.0,77.42
54.0,24.43,0.0,6.72,14.85,0.0,0.0,77.18
73.11,1.89,3.74,8.41,12.85,0.0,0.0,72.0
79.16,3.38,2.67,0.93,13.86,0.0,0.0,68.0
6.04,40.82,4.11,49.03,0.0,0.0,0.0,109.0
6.99,39.42,4.1,47.27,0.0,0.0,0.0,110.0
7.01,37.87,4.06,47.16,0.0,0.0,0.0,107.0
7.01,40.79,4.11,48.09,0.0,0.0,0.0,103.0
7.01,40.45,4.12,47.27,0.0,0.0,0.0,108.0
78.23,3.36,2.66,0.92,13.28,1.55,0.0,67.8
73.09,1.72,4.09,8.53,12.57,0.0,0.0,74.2
61.44,38.56,0.0,0.0,0.0,0.0,0.0,110.0
59.17,38.73,0.68,1.42,0.0,0.0,0.0,125.0
55.35,39.01,1.83,3.81,0.0,0.0,0.0,120.0
53.03,39.18,2.52,5.27,0.0,0.0,0.0,116.0
51.47,39.3,2.99,6.24,0.0,0.0,0.0,108.0
48.32,39.53,3.94,8.21,0.0,0.0,0.0,92.0
45.13,39.77,4.89,10.21,0.0,0.0,0.0,94.0
53.82,39.77,6.41,0.0,0.0,0.0,0.0,125.0
53.5,39.52,4.77,2.21,0.0,0.0,0.0,122.0
53.16,39.28,3.16,4.4,0.0,0.0,0.0,120.0
42.77,32.27,12.63,3.55,5.88,0.0,0.09,91.0
71.79,0.07,1.03,9.24,11.55,5.14,0.0,73.6
73.32,0.52,4.18,8.69,13.29,0.0,0.0,73.0
70.53,1.39,3.62,7.61,13.61,0.9,0.0,76.2
70.72,0.11,3.71,8.53,13.45,0.07,0.0,77.3
71.07,0.89,4.15,8.42,13.27,0.23,0.0,74.3
71.36,1.35,3.68,7.75,13.69,0.77,0.0,74.0
71.28,1.35,3.68,7.75,13.61,0.76,0.0,75.0
71.44,1.35,3.69,7.76,13.31,0.77,0.0,74.9
71.34,1.35,3.69,7.75,13.33,0.76,0.0,75.0
71.55,1.35,3.7,7.77,12.39,0.77,0.0,76.3
71.97,1.35,3.72,7.83,11.4,0.77,0.0,77.5
71.64,1.34,3.7,7.78,11.31,0.77,0.0,78.5
71.0,1.74,4.1,7.96,13.84,0.8,0.0,75.4
70.93,1.88,4.02,7.96,13.61,0.96,0.0,75.6
69.63,1.71,3.2,8.27,14.53,0.23,0.0,75.14
69.5,1.91,3.11,8.44,14.4,0.07,0.0,75.47
68.23,2.87,1.64,9.21,15.0,0.92,0.0,75.1
68.26,2.87,1.65,9.21,14.79,0.92,0.0,75.37
68.34,2.87,1.65,9.24,14.51,0.92,0.0,75.86
67.9,2.85,1.64,9.16,14.7,0.92,0.0,75.3
70.22,1.71,2.71,8.06,13.54,0.75,0.0,78.5
69.04,2.4,1.7,9.12,13.41,0.75,0.0,78.2
65.1,29.5,0.9,0.5,1.0,2.9,0.0,103.0
50.9,45.5,1.3,0.1,0.4,1.7,0.0,116.0
50.9,45.5,1.3,0.1,0.4,1.7,0.0,115.0
24.7,71.8,1.3,0.1,0.3,1.7,0.0,173.0
24.7,71.8,1.3,0.1,0.3,1.7,0.0,178.0
58.0,18.0,23.6,0.0,0.0,0.0,0.0,99.16
50.0,24.2,22.4,0.0,0.0,0.0,0.0,94.16
52.0,26.5,18.7,0.0,0.0,0.0,0.0,99.16
54.0,19.2,24.5,0.0,0.0,0.0,0.0,101.2
52.2,28.0,17.0,0.0,0.0,0.0,0.0,108.2
56.18,19.07,0.0,21.85,2.9,0.0,0.0,81.4
72.29,0.6,4.02,9.64,13.45,0.0,0.0,73.0
71.2,1.65,0.07,11.83,14.74,0.01,0.0,73.1
81.02,0.0,0.0,0.0,0.0,18.98,0.0,54.12
78.33,0.0,0.0,0.0,0.0,21.67,0.0,53.23
71.84,0.0,0.0,0.0,0.0,28.16,0.0,49.48
65.68,0.0,0.0,0.0,0.0,34.32,0.0,48.21
78.45,6.57,0.0,0.0,14.98,0.0,0.0,67.7
42.7,36.72,0.0,20.58,0.0,0.0,0.0,97.5
44.58,29.53,3.82,22.07,0.0,0.0,0.0,97.5
43.9,28.34,7.09,20.67,0.0,0.0,0.0,98.6
49.82,17.95,9.59,22.64,0.0,0.0,0.0,99.3
50.04,14.43,11.39,24.14,0.0,0.0,0.0,101.0
52.76,7.16,15.19,24.89,0.0,0.0,0.0,102.1
41.5,24.18,16.8,17.52,0.0,0.0,0.0,102.0
47.07,19.55,13.31,20.07,0.0,0.0,0.0,103.3
49.57,13.18,16.48,20.77,0.0,0.0,0.0,102.7
51.98,6.49,19.39,22.14,0.0,0.0,0.0,104.7
45.13,22.96,14.15,17.76,0.0,0.0,0.0,105.2
46.73,17.36,17.13,18.78,0.0,0.0,0.0,106.1
48.96,11.9,19.64,19.5,0.0,0.0,0.0,106.6
50.42,6.06,23.1,20.42,0.0,0.0,0.0,107.2
43.72,20.06,20.19,16.03,0.0,0.0,0.0,108.1
46.04,15.44,22.12,16.4,0.0,0.0,0.0,108.3
46.93,10.27,25.66,17.14,0.0,0.0,0.0,111.4
50.03,5.01,27.43,17.53,0.0,0.0,0.0,110.3
44.24,17.29,25.07,13.4,0.0,0.0,0.0,111.2
70.71,4.14,0.0,0.0,25.15,0.0,0.0,68.7
67.13,8.14,0.0,0.0,24.73,0.0,0.0,63.9
63.68,12.0,0.0,0.0,24.32,0.0,0.0,65.3
60.32,15.75,0.0,0.0,23.93,0.0,0.0,81.7
87.0,0.0,0.0,0.0,0.0,13.0,0.0,53.1
85.0,0.0,0.0,0.0,0.0,15.0,0.0,52.2
84.0,0.0,0.0,0.0,0.0,16.0,0.0,52.4
80.0,0.0,0.0,0.0,0.0,20.0,0.0,48.5
75.0,0.0,0.0,0.0,0.0,25.0,0.0,47.3
68.0,0.0,0.0,0.0,0.0,32.0,0.0,38.8
69.4,2.4,4.7,7.58,14.33,1.49,0.0,73.86
71.79,2.07,4.1,6.73,13.58,1.63,0.0,75.9
56.5,0.0,0.0,14.1,11.7,17.7,0.0,71.0
56.0,1.6,1.6,13.7,10.8,16.3,0.0,76.0
57.9,0.0,0.0,18.0,12.0,12.1,0.0,71.0
54.7,3.2,0.0,17.6,9.7,14.8,0.0,75.0
55.8,3.3,5.5,11.0,9.9,14.5,0.0,74.0
50.9,7.8,0.0,17.3,9.5,14.5,0.0,72.0
55.4,3.2,3.2,13.4,9.9,14.9,0.0,71.0
58.0,18.0,20.7,0.0,0.0,0.0,0.0,98.4
54.7,28.0,14.3,0.0,0.0,0.0,0.0,107.4
61.64,10.49,3.2,7.69,9.79,6.39,0.0,75.0
60.8,10.3,1.9,7.6,9.6,5.8,0.0,77.0
62.3,10.5,3.2,8.2,9.8,6.0,0.0,76.0
62.13,14.09,3.3,6.09,14.09,0.0,0.0,76.0
65.3,10.6,3.2,6.0,13.9,0.0,0.0,76.0
64.3,10.5,3.2,5.9,9.8,2.2,0.0,77.0
64.67,10.52,4.5,4.2,9.81,2.2,0.0,77.0
61.1,10.3,3.1,5.9,9.7,5.9,0.0,75.0
17.38,39.38,0.0,43.24,0.0,0.0,0.0,98.02
12.47,47.96,0.0,39.57,0.0,0.0,0.0,107.1
12.94,41.42,0.0,45.64,0.0,0.0,0.0,110.2
13.08,39.37,0.0,47.55,0.0,0.0,0.0,106.1
8.55,43.54,0.0,47.91,0.0,0.0,0.0,113.0
4.24,45.64,0.0,50.12,0.0,0.0,0.0,99.81
57.6,7.9,0.0,2.6,12.5,14.6,0.0,73.0
57.5,3.3,1.3,7.9,21.8,4.5,0.0,74.0
62.1,18.4,11.0,5.1,0.0,0.0,0.0,91.0
65.4,16.4,8.5,7.0,0.0,0.0,0.0,88.0
76.82,3.34,0.0,4.6,15.24,0.0,0.0,68.5
77.33,3.36,1.66,2.31,15.34,0.0,0.0,68.3
77.82,3.39,3.35,0.0,15.44,0.0,0.0,66.6
75.03,3.4,4.03,0.0,17.54,0.0,0.0,66.0
72.08,9.78,1.29,0.0,16.85,0.0,0.0,67.3
78.23,3.36,2.66,0.92,13.28,1.55,0.0,67.2
76.83,3.36,2.66,2.31,13.29,1.55,0.0,69.0
75.41,3.37,2.66,3.7,13.3,1.56,0.0,69.7
67.13,8.14,0.0,0.0,24.73,0.0,0.0,60.28
60.32,15.75,0.0,0.0,23.93,0.0,0.0,63.64
53.94,22.88,0.0,0.0,23.18,0.0,0.0,67.34
47.94,29.58,0.0,0.0,22.48,0.0,0.0,69.47
42.3,35.89,0.0,0.0,21.81,0.0,0.0,70.98
36.98,41.83,0.0,0.0,21.19,0.0,0.0,74.91
34.43,44.68,0.0,0.0,20.89,0.0,0.0,76.72
31.96,47.44,0.0,0.0,20.6,0.0,0.0,78.51
72.63,0.0,4.06,9.76,13.55,0.0,0.0,72.0
66.48,8.76,0.0,0.0,24.76,0.0,0.0,65.0
61.43,16.2,0.0,0.0,22.37,0.0,0.0,67.0
54.78,23.58,0.0,0.0,21.64,0.0,0.0,72.0
46.55,30.74,0.0,0.0,22.71,0.0,0.0,73.0
41.43,36.37,0.0,0.0,22.2,0.0,0.0,76.0
37.06,41.83,0.0,0.0,21.11,0.0,0.0,80.0
33.8,44.71,0.0,0.0,21.49,0.0,0.0,83.0
72.13,0.69,4.03,9.7,13.45,0.0,0.0,72.0
79.46,3.41,2.7,0.94,13.49,0.0,0.0,69.0
38.62,25.34,0.0,36.04,0.0,0.0,0.0,98.0
71.2,1.65,0.07,11.83,14.74,0.01,0.0,70.5
73.91,1.69,0.07,9.52,11.89,2.92,0.0,67.5
71.95,1.65,0.08,10.49,9.89,5.94,0.0,68.0
70.94,1.71,0.08,11.09,7.72,8.46,0.0,68.0
67.0,0.19,0.06,10.27,0.05,22.43,0.0,63.0
70.71,0.11,3.71,8.53,13.45,0.07,0.0,77.3
71.31,1.35,3.68,7.74,13.68,0.77,0.0,74.0
64.43,9.99,2.2,6.19,13.59,0.2,0.0,77.0
61.43,12.09,2.8,5.99,12.89,1.8,0.0,78.0
61.43,12.09,3.7,3.7,12.88,1.8,0.0,80.0
63.93,10.29,2.9,6.49,14.39,0.0,0.0,77.0
61.73,10.39,2.9,6.39,13.69,0.0,0.0,79.0
54.54,7.52,0.0,1.66,4.57,27.11,0.0,71.0
54.26,7.49,0.0,1.65,3.64,28.38,0.0,73.0
54.66,7.54,0.0,1.66,5.04,26.48,0.0,72.0
54.83,7.56,0.0,1.66,5.51,25.81,0.0,73.0
54.42,7.51,0.0,1.65,4.11,27.71,0.0,74.0
73.18,0.52,4.18,8.86,13.26,0.0,0.0,73.0
76.14,0.0,3.41,4.74,15.71,0.0,0.0,70.0
67.35,0.0,6.95,9.67,16.03,0.0,0.0,76.0
72.26,0.52,4.04,9.71,13.47,0.0,0.0,72.0
65.4,4.9,5.0,7.3,4.0,10.5,0.0,75.0
65.0,5.0,5.6,7.8,4.0,10.6,0.0,75.0
65.1,5.0,6.3,7.9,4.0,10.7,0.0,75.0
67.9,2.7,3.9,8.8,2.7,10.7,0.0,74.0
65.7,4.2,5.9,7.0,3.8,10.9,0.0,74.0
65.2,3.8,5.6,8.0,4.0,10.2,0.0,75.0
0.0,52.7,0.0,47.3,0.0,0.0,0.0,107.48
0.0,43.79,0.0,56.21,0.0,0.0,0.0,92.17
0.0,64.52,0.0,35.48,0.0,0.0,0.0,111.18
68.3,2.8,4.0,9.1,2.5,11.0,0.0,74.0
66.8,0.6,16.0,2.2,3.1,7.2,0.0,77.0
66.9,1.2,11.1,0.2,4.1,13.6,0.0,72.0
67.2,1.2,10.2,1.4,4.1,12.5,0.0,73.0
67.2,2.7,4.0,9.0,1.5,12.4,0.0,74.0
7.14,40.31,4.18,48.37,0.0,0.0,0.0,110.0
25.7,34.3,4.1,35.9,0.0,0.0,0.0,80.0
30.0,30.0,4.1,35.9,0.0,0.0,0.0,87.0
30.0,34.0,4.1,31.9,0.0,0.0,0.0,94.0
34.0,27.9,4.1,34.0,0.0,0.0,0.0,100.0
39.0,25.5,4.1,31.4,0.0,0.0,0.0,101.0
42.3,35.89,0.0,0.0,21.81,0.0,0.0,0.0
62.63,18.5,9.47,8.49,0.7,0.0,0.0,85.56
62.44,18.54,9.64,8.64,0.69,0.0,0.0,86.94
63.01,19.99,11.26,4.84,0.7,0.0,0.0,86.94
63.07,20.03,11.28,4.85,0.7,0.0,0.0,87.63
62.32,17.25,7.98,11.56,0.7,0.0,0.0,84.18
63.89,16.39,6.62,11.21,0.75,0.0,0.0,84.18
63.14,16.39,6.62,11.96,0.75,0.0,0.0,84.18
61.39,18.14,6.62,11.96,0.75,0.0,0.0,84.18
72.39,1.88,3.79,8.29,12.7,0.95,0.0,72.0
77.77,3.36,2.66,0.92,13.58,1.71,0.0,68.0
71.71,0.69,4.18,8.85,14.41,0.16,0.0,74.0
68.61,13.3,0.0,0.0,8.18,5.41,0.0,73.0
71.62,12.85,0.0,0.0,8.01,3.04,0.0,75.0
69.33,13.79,0.0,0.0,8.38,6.36,0.0,73.0
72.47,14.42,0.0,0.0,8.76,0.0,0.0,77.0
70.87,14.1,0.0,0.0,4.28,6.5,0.0,76.0
70.87,14.1,0.0,0.0,12.85,0.0,0.0,74.0
67.84,13.49,0.0,0.0,4.1,12.47,0.0,70.0
76.22,9.25,0.0,0.0,7.03,5.34,0.0,71.0
68.27,2.91,2.01,6.83,14.36,0.9,0.0,77.2
65.12,6.05,6.05,2.02,19.76,0.4,0.0,77.0
70.5,3.22,0.0,4.03,16.22,2.01,0.0,77.0
79.9,5.71,0.0,0.0,7.14,3.57,0.0,71.0
79.89,5.0,0.0,0.0,7.5,3.75,0.0,71.0
78.38,6.14,0.0,0.0,7.68,3.84,0.0,72.0
78.39,5.37,0.0,0.0,8.06,4.03,0.0,71.0
76.84,6.57,0.0,0.0,8.21,4.1,0.0,72.0
76.89,5.75,0.0,0.0,8.62,4.31,0.0,71.0
62.42,18.54,9.64,8.64,0.69,0.0,0.0,86.94
68.6,13.3,0.0,0.0,8.2,5.4,0.0,73.0
71.6,12.9,0.0,0.0,8.0,3.0,0.0,75.0
69.3,13.8,0.0,0.0,8.4,6.4,0.0,73.0
70.9,14.1,0.0,0.0,4.3,6.5,0.0,76.0
70.8,14.1,0.0,0.0,12.9,0.0,0.0,74.0
67.8,13.5,0.0,0.0,4.1,12.5,0.0,70.0
63.33,10.26,2.06,15.31,1.98,4.06,0.0,75.0
59.8,16.11,2.23,14.17,1.96,2.98,0.0,90.0
58.23,15.81,1.88,13.04,2.88,4.38,0.0,81.0
60.17,15.95,1.89,11.85,2.91,2.95,0.0,83.0
58.27,15.69,2.17,12.08,2.86,4.35,0.0,82.0
29.36,40.87,2.37,27.4,0.0,0.0,0.0,112.0
28.61,39.79,2.33,26.9,0.0,0.0,0.0,107.0
27.9,38.72,2.29,26.43,0.0,0.0,0.0,108.0
25.61,43.44,2.35,28.6,0.0,0.0,0.0,109.0
25.19,42.02,2.31,28.13,0.0,0.0,0.0,111.0
24.78,40.64,2.27,27.68,0.0,0.0,0.0,109.0
64.7,13.7,3.8,0.0,8.4,5.5,0.0,77.0
63.8,13.7,3.8,0.0,8.4,5.5,0.0,77.0
65.94,15.31,0.0,0.0,9.3,7.0,0.0,74.0
67.76,13.54,0.0,0.0,12.29,6.18,0.0,69.0
66.23,13.25,0.0,0.0,8.05,12.24,0.0,67.0
64.42,13.74,3.84,0.0,8.35,5.53,0.0,77.0
63.61,13.71,3.83,0.0,8.34,5.52,0.0,77.0
62.63,18.5,9.47,8.49,0.7,0.0,0.0,85.5
62.44,18.54,9.64,8.64,0.69,0.0,0.0,86.9
63.01,19.99,11.26,4.84,0.7,0.0,0.0,86.9
63.09,20.03,11.28,4.85,0.7,0.0,0.0,87.6
62.32,17.25,7.98,11.56,0.7,0.0,0.0,84.1
63.89,16.39,6.62,11.21,0.75,0.0,0.0,84.1
63.14,16.39,6.62,11.96,0.75,0.0,0.0,84.1
61.39,18.14,6.62,11.96,0.75,0.0,0.0,84.1
61.39,18.89,9.62,8.71,0.25,0.0,0.0,86.9
63.89,18.64,9.62,6.96,0.25,0.0,0.0,84.8
65.0,15.0,6.0,14.0,0.0,0.0,0.0,82.7
65.0,15.0,5.0,14.0,0.0,0.0,0.0,82.0
74.23,2.06,0.0,9.28,14.43,0.0,0.0,76.0
67.1,1.2,10.2,1.4,4.1,12.5,0.0,73.0
65.5,1.3,10.9,2.8,2.9,12.4,0.0,75.0
67.5,1.2,10.2,2.1,3.6,11.2,0.0,76.0
65.3,1.7,10.5,3.2,3.0,11.5,0.0,76.0
68.64,13.33,0.0,0.0,8.16,5.37,0.0,73.0
71.62,12.93,0.0,0.0,7.96,2.98,0.0,75.0
67.8,13.5,0.0,0.0,4.1,12.5,0.0,71.0
67.9,13.5,0.0,0.0,12.3,6.2,0.0,69.0
66.47,13.21,0.0,0.0,8.01,12.21,0.0,67.0
72.5,14.4,0.0,0.0,8.8,0.0,0.0,77.0
71.9,9.4,3.9,0.0,7.2,5.4,0.0,74.0
71.56,7.0,6.1,10.41,4.6,0.2,0.0,32.8
70.17,6.1,5.0,12.81,5.6,0.2,0.0,31.9
70.57,6.31,4.9,14.01,3.9,0.2,0.0,32.2
64.39,9.61,3.51,17.23,4.81,0.3,0.0,33.3
65.12,9.02,3.51,16.53,3.11,2.71,0.0,32.1
65.06,9.12,3.31,16.74,3.31,2.31,0.0,32.2
64.37,9.01,3.8,16.52,3.0,3.1,0.0,32.1
64.33,8.12,3.61,16.93,3.81,2.3,0.0,31.8
64.99,9.42,3.41,16.83,4.91,0.3,0.0,32.3
47.5,21.0,3.6,6.5,13.9,6.9,0.2,79.5
47.0,24.1,4.7,9.0,12.5,2.1,0.2,84.0
47.7,24.1,3.0,8.2,11.5,5.0,0.1,80.2
48.1,23.9,2.2,7.4,13.7,4.2,0.1,80.1
63.33,12.89,4.78,3.55,9.79,1.34,0.0,81.5
47.5,21.0,3.6,6.5,13.9,6.9,0.0,79.5
47.0,24.1,4.7,9.0,12.5,2.1,0.0,84.0
47.7,24.1,3.0,8.2,11.5,5.0,0.0,80.2
48.1,23.9,2.2,7.4,13.7,4.2,0.0,80.1
54.23,18.56,5.01,0.0,3.09,14.65,0.0,79.0
69.8,13.5,5.5,0.0,0.0,8.0,0.0,80.0
69.63,13.09,5.99,0.0,0.3,7.99,0.0,80.0
63.96,24.09,0.0,0.0,1.6,8.0,0.0,77.0
63.14,23.81,1.1,0.0,2.9,7.9,0.0,75.0
66.1,20.4,6.9,2.4,0.1,0.1,0.0,85.4
64.9,18.5,11.5,0.5,0.1,0.1,0.0,90.8
72.8,1.89,3.73,8.12,13.14,0.32,0.0,83.1
64.56,8.95,3.74,1.63,13.49,4.36,0.0,74.8
61.39,18.89,9.62,8.71,0.25,0.0,0.0,86.94
63.89,18.64,9.62,6.96,0.25,0.0,0.0,84.87
65.0,15.0,6.0,14.0,0.0,0.0,0.0,82.8
61.54,16.24,3.56,0.5,13.43,3.57,0.0,73.3
75.12,6.53,0.0,0.0,13.49,0.0,0.0,73.1
73.15,9.2,0.0,0.0,12.76,0.0,0.0,73.2
71.3,11.94,0.0,0.0,11.91,0.0,0.0,73.1
66.4,16.27,0.0,0.0,12.46,0.0,0.0,70.7
73.41,1.45,0.08,10.3,14.74,0.01,0.0,72.1
60.17,16.27,8.1,13.61,0.31,0.2,0.0,87.5
60.57,16.34,9.95,12.65,0.03,0.0,0.0,87.7
60.18,17.15,9.43,12.24,0.0,0.0,0.0,87.5
60.18,17.15,9.43,12.24,0.0,1.0,0.0,86.3
60.18,17.15,9.43,12.24,0.5,0.0,0.0,87.4
60.18,17.15,9.43,12.24,0.0,0.5,0.0,87.0
60.18,17.15,9.43,12.24,0.0,0.5,0.0,86.9
60.93,15.65,10.18,12.24,0.25,0.25,0.0,87.0
60.93,15.65,10.18,12.24,0.0,0.0,0.0,87.1
59.89,21.54,9.08,7.8,1.5,0.0,0.0,92.4
59.88,19.96,9.93,8.53,1.5,0.0,0.0,93.2
59.88,18.54,10.68,9.19,1.5,0.0,0.0,94.5
59.88,17.36,11.31,9.73,1.5,0.0,0.0,94.9
58.64,21.2,10.14,8.74,1.07,0.0,0.0,94.9
58.63,21.21,9.92,8.54,1.5,0.0,0.0,94.6
58.63,21.2,9.44,9.44,1.07,0.0,0.0,94.3
58.32,21.09,10.14,8.74,1.5,0.0,0.0,94.2
58.02,21.01,10.05,8.69,1.07,0.0,0.0,95.1
58.64,21.2,8.73,10.13,1.07,0.0,0.0,93.8
70.65,11.49,3.89,0.0,13.97,0.0,0.0,70.8
74.09,8.16,3.88,0.0,13.87,0.0,0.0,69.7
72.06,8.38,5.3,0.0,14.26,0.0,0.0,70.6
72.58,8.44,6.67,0.0,12.31,0.0,0.0,72.9
70.16,11.42,3.55,0.0,13.88,0.0,0.0,73.0
70.16,11.42,3.55,0.0,13.88,0.0,0.0,72.3
70.51,11.44,3.55,0.0,13.91,0.0,0.0,74.6
71.11,10.05,6.62,0.0,12.22,0.0,0.0,73.1
70.64,11.65,6.58,0.0,11.13,0.0,0.0,72.8
70.39,11.61,5.9,0.0,12.1,0.0,0.0,72.3
69.55,0.0,0.0,8.65,0.0,21.8,0.0,62.7
71.6,10.13,8.01,0.0,10.26,0.0,0.0,74.3
72.12,10.2,9.41,0.0,8.27,0.0,0.0,73.3
64.27,20.7,6.23,0.88,6.96,0.0,0.0,82.0
62.9,23.38,4.87,0.86,4.92,0.0,0.0,83.4
64.37,23.92,4.98,0.88,1.17,0.0,0.0,88.4
64.8,20.86,4.88,4.59,0.98,0.0,0.0,89.6
66.97,24.88,5.05,1.1,1.0,0.0,0.0,90.9
68.85,20.53,3.12,1.74,5.76,0.0,0.0,81.3
61.04,15.97,4.01,0.0,16.99,1.48,0.0,73.0
61.06,17.95,2.99,0.0,15.98,1.45,0.0,72.2
62.15,15.41,2.51,0.0,17.86,0.73,0.25,70.7
63.0,14.99,4.49,0.0,16.01,1.0,0.0,73.7
62.96,15.03,3.49,0.0,16.0,1.0,0.0,72.5
64.02,14.01,3.99,0.0,16.0,1.49,0.0,72.7
64.03,15.0,4.0,0.0,14.99,1.48,0.0,73.1
64.02,15.0,3.0,0.0,16.01,1.47,0.0,71.5
64.99,13.99,2.99,0.0,16.99,0.52,0.0,71.4
65.99,12.98,4.0,0.0,15.0,1.5,0.0,72.7
61.3,13.0,2.0,2.0,14.5,4.9,0.0,71.0
59.3,15.0,2.0,2.0,14.5,4.9,0.0,72.0
58.3,16.0,2.0,2.0,14.5,4.9,0.0,72.0
61.7,15.0,2.0,2.0,14.5,4.5,0.0,71.0
59.3,15.0,3.4,4.0,14.5,3.5,0.0,72.0
59.98,17.28,3.67,0.0,15.79,2.98,0.0,73.0
59.27,15.01,2.0,2.0,19.42,0.0,0.0,72.0
58.8,17.0,3.0,0.5,15.7,4.0,0.0,72.0
77.31,0.12,5.55,0.18,16.43,0.0,0.0,69.7
73.62,4.59,5.11,0.07,16.21,0.0,0.0,71.0
69.6,8.86,5.19,0.08,15.88,0.0,0.0,72.6
65.66,13.08,5.16,0.08,15.63,0.0,0.0,73.5
61.88,17.23,5.05,0.08,15.38,0.0,0.0,74.7
58.46,21.03,4.93,0.07,15.16,0.0,0.0,75.7
54.88,24.83,4.96,0.07,14.89,0.0,0.0,76.5
51.13,28.54,5.41,0.08,14.48,0.0,0.0,78.2
48.38,32.04,4.74,0.07,14.41,0.0,0.0,79.6
45.31,35.43,4.63,0.07,14.21,0.0,0.0,80.2
75.74,0.05,0.07,7.56,16.18,0.0,0.0,66.9
71.69,4.51,0.07,7.41,15.93,0.0,0.0,68.2
68.1,8.66,0.07,7.11,15.67,0.0,0.0,69.1
64.37,12.87,0.06,6.99,15.33,0.0,0.0,71.2
60.59,16.9,0.07,6.96,15.11,0.0,0.0,72.4
57.19,20.61,0.07,6.87,14.89,0.0,0.0,74.4
53.75,24.41,0.08,6.77,14.63,0.0,0.0,76.2
50.51,28.05,0.08,6.72,14.29,0.0,0.0,77.6
47.18,31.49,0.08,6.82,14.08,0.0,0.0,80.0
44.35,34.81,0.07,6.48,13.95,0.0,0.0,81.5
61.98,13.0,7.0,0.2,11.5,6.1,0.02,73.0
60.43,10.22,6.91,0.7,16.33,2.4,0.0,74.1
60.3,10.3,7.1,0.7,16.5,2.4,0.0,74.4
60.46,10.31,7.31,0.7,16.42,2.4,0.0,74.3
60.4,10.3,7.9,0.5,16.5,2.4,0.0,74.1
60.2,21.1,12.1,6.6,0.0,0.0,0.0,98.0
60.2,20.1,13.1,6.5,0.1,0.0,0.0,97.0
60.2,20.1,12.1,7.5,0.1,0.0,0.0,96.0
60.1,20.1,10.1,9.5,0.1,0.0,0.0,95.0
58.1,20.1,12.1,9.5,0.1,0.0,0.0,98.0
58.1,20.1,13.1,8.5,0.1,0.0,0.0,98.0
58.7,20.1,12.6,8.5,0.0,0.0,0.0,98.0
59.1,20.1,12.1,8.5,0.1,0.0,0.0,97.0
58.7,20.6,12.1,8.5,0.0,0.0,0.0,97.0
58.2,21.1,12.1,8.5,0.0,0.0,0.0,98.0
65.2,21.94,8.21,1.06,0.22,0.0,0.0,87.4
73.01,16.79,6.36,0.45,0.09,0.0,0.0,82.6
63.05,26.0,6.88,0.62,0.13,0.0,0.0,88.5
63.68,19.33,12.75,0.75,0.15,0.0,0.0,89.5
64.33,20.46,7.68,4.0,0.18,0.0,0.0,87.1
65.02,21.64,8.1,1.03,0.21,0.0,0.0,86.5
65.04,21.69,8.12,1.03,0.75,0.0,0.0,87.5
60.0,23.6,10.07,2.26,0.44,0.0,0.0,90.1
69.44,13.0,10.68,2.66,0.51,0.0,0.0,85.7
66.76,22.76,5.0,1.65,0.33,0.0,0.0,85.5
71.0,19.0,9.8,0.0,0.0,0.0,0.0,87.3
72.23,20.23,4.73,1.63,0.04,0.0,0.0,85.3
70.6,20.67,5.17,2.07,0.05,0.0,0.0,85.6
72.67,18.6,5.17,2.07,0.05,0.0,0.0,84.2
72.67,20.67,3.1,2.07,0.05,0.0,0.0,84.4
72.67,20.67,5.17,0.0,0.05,0.0,0.0,85.1
72.49,20.49,4.99,1.89,0.05,0.0,0.0,85.6
72.24,20.24,4.74,1.64,0.0,0.0,0.0,87.1
72.84,12.11,12.24,1.32,0.75,0.0,0.0,85.4
70.6,12.78,12.95,1.7,0.98,0.0,0.0,86.4
73.48,10.0,12.9,1.68,0.97,0.0,0.0,84.8
73.55,12.78,10.0,1.7,0.98,0.0,0.0,83.8
73.18,12.43,12.58,0.1,0.86,0.0,0.0,85.3
73.03,12.3,12.43,1.42,0.81,0.0,0.0,84.2
73.03,12.3,12.43,1.42,0.0,0.0,0.0,84.9
77.56,10.0,10.0,0.1,0.0,0.0,0.0,83.6
70.85,18.5,10.25,0.24,0.08,0.0,0.0,86.8
70.6,10.68,15.62,0.1,0.0,0.0,0.0,84.8
64.8,16.6,0.2,13.4,0.0,0.0,0.0,83.3
60.24,19.17,5.05,0.0,15.54,0.0,0.0,77.0
57.61,22.07,4.99,0.0,15.33,0.0,0.0,79.0
59.5,22.08,4.99,0.0,13.43,0.0,0.0,80.0
58.73,19.29,6.35,0.0,15.63,0.0,0.0,79.0
56.09,22.21,6.27,0.0,15.43,0.0,0.0,81.0
57.99,22.22,6.28,0.0,13.51,0.0,0.0,82.0
57.19,19.41,7.67,0.0,15.73,0.0,0.0,81.0
54.56,22.35,7.57,0.0,15.52,0.0,0.0,83.0
56.47,22.36,7.58,0.0,13.59,0.0,0.0,84.0
56.41,19.14,5.05,0.0,19.4,0.0,0.0,76.0
53.82,22.05,4.98,0.0,19.15,0.0,0.0,78.0
55.72,22.06,4.98,0.0,17.24,0.0,0.0,79.0
62.56,17.69,5.09,0.0,14.66,0.0,0.0,76.0
62.17,19.18,5.05,0.0,13.6,0.0,0.0,77.0
65.32,14.67,5.15,0.0,14.86,0.0,0.0,73.0
64.91,16.19,5.12,0.0,13.78,0.0,0.0,75.0
65.77,14.77,6.49,0.0,12.97,0.0,0.0,76.0
65.34,16.31,6.45,0.0,11.9,0.0,0.0,77.0
64.94,17.82,6.41,0.0,10.83,0.0,0.0,79.0
64.58,16.12,5.1,0.0,13.23,0.0,0.0,75.0
59.9,17.9,2.9,1.0,12.3,5.0,0.0,72.0
59.9,17.9,2.9,1.0,13.3,4.0,0.0,72.0
59.8,18.0,2.9,1.0,14.3,3.0,0.0,72.0
59.7,18.0,2.9,1.0,15.3,2.1,0.0,72.0
54.88,19.6,11.63,0.0,11.92,0.0,0.0,82.0
55.9,20.9,9.53,0.0,11.73,0.0,0.0,83.0
57.22,19.42,9.6,0.0,11.8,0.0,0.0,81.0
56.26,19.41,9.59,0.0,12.78,0.0,0.0,81.0
56.64,19.22,9.5,0.0,9.74,2.96,0.0,81.0
58.98,18.04,10.05,0.0,10.47,0.0,0.0,83.0
58.09,18.07,10.39,0.0,10.98,0.0,0.0,84.0
74.34,1.9,2.9,6.5,10.79,0.3,0.0,76.0
72.07,1.8,3.89,8.59,13.08,0.5,0.0,74.2
62.7,12.3,6.1,0.8,14.8,0.0,0.0,74.8
62.7,12.3,5.6,0.8,14.8,0.0,0.0,74.7
62.7,12.3,5.6,0.8,12.7,2.1,0.0,75.1
62.77,12.31,5.61,0.8,13.71,1.0,0.0,74.8
62.87,12.31,5.91,0.6,13.81,1.0,0.0,74.8
62.0,12.2,5.5,0.8,11.8,3.1,0.0,75.2
61.9,12.3,6.3,0.8,14.9,0.0,0.0,75.6
64.71,10.13,11.35,0.0,9.24,0.0,0.0,84.0
59.81,18.3,12.82,0.0,6.57,0.0,0.0,89.2
58.98,18.04,10.05,0.0,10.47,0.0,0.0,83.4
62.1,16.73,12.56,0.0,6.1,0.0,0.0,88.4
62.58,17.76,13.04,0.0,5.14,0.0,0.0,85.2
62.19,18.91,2.36,0.04,13.48,0.01,0.0,70.725
62.07,18.85,2.28,0.03,12.41,1.38,0.0,70.2006
62.2,18.91,2.07,0.41,13.43,0.01,0.0,70.7388
61.97,18.76,2.02,0.42,12.42,1.38,0.0,70.8285
61.97,18.82,2.07,0.05,13.5,0.04,0.0,70.104
61.61,18.73,2.07,0.04,12.62,1.35,0.0,70.7043
61.66,18.73,1.73,0.41,12.48,1.38,0.0,71.484
61.52,18.68,1.69,0.04,12.55,1.38,0.0,70.5732
65.51,5.68,7.69,3.12,3.45,10.5,0.0,74.9
61.88,9.62,6.97,4.41,4.87,7.41,0.0,79.0
62.38,10.47,6.52,4.65,6.12,6.32,0.0,78.2
62.59,10.07,6.36,4.87,5.87,6.7,0.0,77.9
60.24,19.17,5.05,0.0,15.54,0.0,0.0,72.0
57.61,22.07,4.99,0.0,15.33,0.0,0.0,75.0
59.5,22.08,4.99,0.0,13.43,0.0,0.0,75.0
58.73,19.29,6.35,0.0,15.63,0.0,0.0,74.0
56.09,22.21,6.27,0.0,15.43,0.0,0.0,75.0
57.99,22.22,6.28,0.0,13.51,0.0,0.0,75.0
57.19,19.41,7.67,0.0,15.73,0.0,0.0,75.0
54.56,22.35,7.57,0.0,15.52,0.0,0.0,77.0
56.47,22.36,7.58,0.0,13.59,0.0,0.0,78.0
56.41,19.14,5.05,0.0,19.4,0.0,0.0,72.0
63.13,19.18,5.06,0.0,12.63,0.0,0.0,78.0
60.03,19.1,5.03,0.0,12.58,0.0,0.0,72.0
59.7,22.16,5.63,0.0,12.51,0.0,0.0,75.0
56.65,22.06,5.61,0.0,12.45,0.0,0.0,72.0
69.29,12.33,4.88,0.0,13.5,0.0,0.0,70.0
66.46,15.41,4.81,0.0,13.32,0.0,0.0,71.0
67.79,12.41,6.22,0.0,13.58,0.0,0.0,73.0
64.96,15.51,6.13,0.0,13.4,0.0,0.0,73.0
68.47,10.87,6.94,0.0,13.72,0.0,0.0,69.0
63.31,21.86,5.04,6.75,0.0,0.0,0.0,87.1
62.95,21.74,4.45,7.05,0.0,0.0,0.0,87.2
64.15,21.46,5.34,7.43,0.0,0.0,0.0,87.0
62.83,22.35,4.33,7.31,0.0,0.0,0.0,79.9
63.59,22.62,4.88,7.57,0.0,0.0,0.0,84.2
64.31,21.57,5.75,7.56,0.0,0.0,0.0,87.0
62.98,22.28,3.7,7.71,0.0,0.0,0.0,87.1
63.01,21.14,4.64,7.41,0.0,0.0,0.0,87.0
63.41,20.32,4.79,7.62,0.0,0.0,0.0,87.0
60.2,20.1,10.1,9.5,0.0,0.0,0.0,86.0
59.2,20.1,12.6,8.0,0.0,0.0,0.0,88.0
58.2,20.7,12.0,9.0,0.0,0.0,0.0,87.0
61.4,19.0,12.9,6.5,0.1,0.0,0.0,86.0
58.0,21.9,10.0,10.0,0.0,0.0,0.0,86.0
57.0,20.0,12.0,10.9,0.0,0.0,0.0,87.0
62.62,20.58,6.07,6.27,0.0,0.0,0.0,88.0
69.82,12.27,3.88,0.0,14.03,0.0,0.0,69.3
69.89,11.53,4.56,0.0,14.02,0.0,0.0,69.7
71.22,11.5,3.9,0.0,13.38,0.0,0.0,69.3
70.19,13.05,3.87,0.0,12.89,0.0,0.0,70.0
59.27,21.47,5.68,0.0,8.73,0.0,0.0,72.3
60.62,16.47,5.81,0.0,13.35,0.0,0.0,71.1
60.53,17.65,5.71,0.0,14.63,1.48,0.0,74.5
65.32,14.67,5.15,0.0,14.86,0.0,0.0,71.1
64.91,16.19,5.12,0.0,13.78,0.0,0.0,72.1
61.81,22.76,0.0,0.0,1.87,9.95,0.0,77.0
67.2,20.0,9.8,0.0,0.0,0.0,0.0,87.632
67.0,22.0,11.0,0.0,0.0,0.0,0.0,89.356
68.15,20.14,9.71,0.0,0.0,0.0,0.0,87.908
66.05,23.05,10.55,0.0,0.0,0.0,0.0,89.908
64.06,26.03,9.56,0.0,0.0,0.0,0.0,91.08
66.5,23.4,9.8,0.0,0.0,0.0,0.0,89.908
69.82,11.73,5.29,0.0,13.16,0.0,0.0,73.0
67.04,14.63,4.5,0.0,13.83,0.0,0.0,74.0
70.92,9.82,5.2,0.0,14.06,0.0,0.0,73.0
70.49,11.53,4.56,0.0,13.42,0.0,0.0,69.9
68.89,13.21,3.93,0.0,13.97,0.0,0.0,72.0
71.95,11.34,3.83,0.0,12.88,0.0,0.0,72.0
70.46,11.41,5.16,0.0,12.97,0.0,0.0,73.0
69.68,12.31,4.54,0.0,13.47,0.0,0.0,70.0
70.53,13.01,3.21,0.0,13.25,0.0,0.0,71.0
70.3,11.24,4.9,0.0,13.56,0.0,0.0,70.0
70.24,11.25,5.23,0.0,13.28,0.0,0.0,70.0
71.73,10.0,5.6,0.0,12.67,0.0,0.0,70.0
71.14,10.32,5.59,0.0,12.95,0.0,0.0,70.0
71.29,10.48,5.59,0.0,12.64,0.0,0.0,71.0
69.7,13.37,2.95,0.0,13.98,0.0,0.0,71.0
58.1,20.6,12.6,8.5,0.1,0.0,0.0,98.0
59.2,20.1,12.6,8.0,0.1,0.0,0.0,97.0
59.1,21.1,12.1,7.5,0.1,0.0,0.0,97.0
59.1,20.1,13.1,7.5,0.1,0.0,0.0,98.0
58.2,20.6,12.1,9.0,0.0,0.0,0.0,98.0
58.6,20.6,11.6,9.0,0.1,0.0,0.0,97.0
58.6,20.6,12.6,8.0,0.1,0.0,0.0,98.0
59.03,7.9,4.93,3.48,9.03,12.99,0.0,75.0
58.14,8.34,3.3,3.4,9.01,12.98,0.0,76.0
70.65,11.49,3.89,0.0,13.97,0.0,0.0,71.0
71.11,10.05,6.62,0.0,12.22,0.0,0.0,73.0
70.64,11.65,6.58,0.0,11.13,0.0,0.0,73.0
70.37,3.35,6.89,0.28,10.99,7.11,0.0,73.0
60.92,12.83,6.66,0.09,12.2,5.93,0.0,74.0
73.58,8.16,3.87,0.0,14.39,0.0,0.0,73.0
62.2,21.1,12.1,4.6,0.0,0.0,0.0,96.0
61.2,21.1,12.1,5.6,0.0,0.0,0.0,97.0
72.8,14.38,8.93,0.52,0.09,0.0,0.0,83.6
80.0,9.54,6.9,0.25,0.04,0.0,0.0,79.7
71.07,18.5,6.87,0.25,0.04,0.0,0.0,83.8
71.36,10.28,14.75,0.29,0.05,0.0,0.0,86.2
72.3,12.99,8.35,3.0,0.08,0.0,0.0,83.5
72.66,13.99,8.77,0.5,0.08,0.0,0.0,83.4
72.43,13.34,8.49,0.46,2.0,0.0,0.0,82.9
69.51,15.28,10.2,1.06,0.51,0.0,0.0,85.5
76.53,5.0,11.94,1.8,1.08,0.0,0.0,82.7
74.5,15.37,5.0,1.12,0.55,0.0,0.0,81.5
72.98,14.49,9.09,0.0,0.14,0.0,0.0,83.6
72.8,14.39,8.94,0.53,0.09,0.0,0.0,83.7
72.82,14.4,8.96,0.53,0.0,0.0,0.0,83.6
77.69,6.04,12.72,0.55,0.2,0.0,0.0,84.4
80.0,5.68,11.32,0.35,0.13,0.0,0.0,81.6
76.43,9.5,11.14,0.33,0.12,0.0,0.0,83.0
76.57,5.68,14.75,0.35,0.13,0.0,0.0,83.3
76.83,5.77,11.66,3.0,0.15,0.0,0.0,83.1
77.53,5.99,12.52,0.52,0.19,0.0,0.0,82.5
77.09,5.85,11.97,0.44,2.0,0.0,0.0,82.1
74.51,7.13,13.35,1.31,0.76,0.0,0.0,84.4
77.96,5.0,12.95,0.83,0.41,0.0,0.0,83.0
78.57,7.35,8.75,1.48,0.88,0.0,0.0,80.6
77.82,6.23,12.83,0.0,0.3,0.0,0.0,82.9
77.85,6.27,12.85,0.71,0.32,0.0,0.0,83.3
77.73,6.11,12.76,0.59,0.0,0.0,0.0,83.3
63.85,21.38,6.7,4.53,0.0,0.0,0.0,89.5
64.3,21.54,6.31,6.23,0.0,0.0,0.0,88.1
63.94,21.57,6.63,6.24,0.0,0.0,0.0,89.5
64.46,21.59,6.95,5.37,0.0,0.0,0.0,89.1
63.7,21.49,5.66,7.53,0.0,0.0,0.0,87.9
63.0,21.25,5.6,6.15,0.0,0.0,0.0,89.3
62.24,21.75,4.64,7.4,0.0,0.0,0.0,89.0
62.33,20.99,7.67,4.81,0.0,0.0,0.0,91.4
62.27,21.22,6.62,7.46,0.0,0.0,0.0,91.4
60.63,20.58,1.47,0.0,12.88,0.0,0.0,68.7447
60.98,20.33,1.41,0.0,12.83,0.0,0.0,69.1656
61.42,20.03,1.47,0.0,12.84,0.0,0.0,69.0276
60.13,22.55,3.15,0.0,14.17,0.0,0.0,73.63
64.13,20.65,6.91,3.67,0.0,0.0,0.0,85.0
64.76,22.14,8.12,3.62,0.0,0.0,0.0,88.0
63.11,19.96,5.14,7.32,0.0,0.0,0.0,86.0
65.23,19.62,5.66,7.96,0.0,0.0,0.0,86.0
61.0,20.0,6.0,8.5,0.0,0.0,0.0,89.0
61.0,20.0,6.0,9.5,0.0,0.0,0.0,89.0
61.0,19.5,5.5,9.5,0.0,0.0,0.0,88.0
62.87,20.52,5.12,7.64,0.0,0.0,0.0,86.7
73.96,7.58,5.66,0.0,12.8,0.0,0.0,69.0
72.23,10.69,3.58,0.0,13.5,0.0,0.0,69.0
75.43,9.08,2.94,0.0,12.55,0.0,0.0,68.0
62.67,13.8,6.42,0.27,12.34,1.5,0.0,74.0
62.3,17.49,4.08,0.44,12.56,0.0,0.0,73.0
62.89,20.71,5.04,0.0,11.13,0.0,0.0,77.0
70.06,9.91,5.88,0.0,10.54,3.05,0.0,72.0
61.55,22.6,4.93,6.43,0.0,0.0,0.0,91.0
64.19,19.04,0.01,0.06,11.58,0.73,0.0,67.5096
67.99,14.9,2.37,0.0,14.74,0.0,0.0,70.242
66.94,15.61,1.9,0.0,14.84,0.0,0.0,69.9246
65.16,16.35,1.92,0.0,14.75,0.0,0.0,69.3243
68.89,11.06,1.25,0.0,14.4,0.0,0.0,68.8689
68.48,15.74,0.0,0.0,15.31,0.0,0.0,70.1247
71.52,12.64,0.0,0.0,15.37,0.0,0.0,69.0621
95.69,2.51,0.0,0.0,0.0,0.0,0.0,73.3
95.52,2.51,0.0,0.0,0.0,0.0,0.0,73.3
94.28,2.5,0.0,0.0,0.0,0.0,0.0,71.4
61.46,15.36,6.26,13.18,0.05,0.09,0.01,91.0
61.37,15.57,6.21,12.51,0.05,0.09,0.01,90.2
61.37,15.57,6.21,12.51,0.05,0.09,0.01,88.4
59.85,15.58,8.7,11.05,0.2,0.09,0.02,92.4
59.96,15.66,7.8,13.03,0.03,0.09,0.02,90.3
63.53,17.14,1.9,0.0,14.65,0.0,0.0,69.4968
60.35,16.65,9.22,9.72,0.21,0.43,0.0,93.6
58.15,19.05,9.22,9.92,0.23,0.43,0.0,92.8
59.59,17.48,10.65,8.24,0.23,0.38,0.0,94.4
59.25,17.54,10.53,8.52,0.21,0.38,0.0,94.0
58.15,19.05,9.22,9.92,0.23,0.43,0.0,93.0
59.74,16.14,8.92,11.23,0.24,0.61,0.0,93.0
60.15,16.14,9.82,9.92,0.24,0.61,0.0,93.6
60.45,15.84,10.02,9.52,0.24,0.61,0.0,94.2
59.15,15.64,8.02,14.13,0.23,0.38,0.0,92.0
59.61,16.66,9.13,11.54,0.23,0.38,0.0,92.8
59.53,17.46,10.64,8.23,0.23,0.38,0.0,94.4
59.55,16.95,9.32,9.72,0.21,0.38,0.0,93.7
58.67,19.19,9.84,9.54,0.28,0.51,0.0,93.8
59.65,16.44,9.22,10.83,0.21,0.51,0.0,92.4
58.15,18.85,9.22,9.72,0.23,0.43,0.0,94.4
59.39,16.96,9.83,7.62,0.21,1.03,0.0,95.3
59.48,16.85,11.13,6.92,0.21,1.05,0.0,96.1
59.64,17.54,9.82,8.92,0.23,1.02,0.0,93.9
59.15,18.03,10.23,9.22,0.23,1.09,0.0,93.5
64.0,2.5,2.0,18.0,11.0,0.0,0.0,79.39
64.5,2.5,2.0,18.0,11.0,0.0,0.0,74.34
60.63,15.89,8.78,12.33,0.0,0.0,0.02,91.0
63.73,16.63,1.97,3.66,10.11,0.0,0.0,81.0
61.54,16.24,3.56,0.5,13.43,3.57,0.0,71.07
62.63,18.5,9.47,8.49,0.7,0.0,0.0,12.4
63.01,19.99,11.26,4.84,0.7,0.0,0.0,12.6
62.32,17.25,7.98,11.56,0.7,0.0,0.0,12.2
63.89,16.39,6.62,11.21,0.75,0.0,0.0,12.2
61.39,18.89,9.62,8.71,0.25,0.0,0.0,12.6
63.89,18.64,9.62,6.96,0.25,0.0,0.0,12.3
65.0,15.0,6.0,14.0,0.0,0.0,0.0,12.0
65.0,15.0,5.0,14.0,0.0,0.0,0.0,11.9
69.8,12.6,9.0,6.5,0.0,0.0,0.0,88.0
69.8,12.8,9.0,8.2,0.0,0.0,0.0,88.0
67.9,13.5,9.0,8.6,0.0,0.0,0.0,87.9
67.1,13.5,9.8,5.3,0.0,0.0,0.0,89.3
66.5,13.0,12.7,4.7,0.0,0.0,0.0,91.3
66.2,13.7,11.3,4.9,0.0,0.0,0.0,90.7
67.5,13.8,9.8,4.5,0.0,0.0,0.0,89.1
67.6,13.0,8.2,8.8,0.0,0.0,0.0,86.7
66.8,13.6,6.2,9.3,0.0,0.0,0.0,85.4
58.05,20.99,7.83,10.92,1.07,0.0,0.0,93.0
69.9,13.4,0.0,0.0,8.2,5.4,0.0,74.0
70.6,13.5,0.0,0.0,8.3,5.4,0.0,73.0
62.32,17.25,7.96,11.56,0.7,0.0,0.0,84.18
65.0,15.0,5.0,14.0,0.0,0.0,0.0,82.11
62.3,23.72,0.0,13.98,0.0,0.0,0.0,79.281
63.1,4.9,11.3,20.0,0.7,0.0,0.0,87.975
62.71,6.03,10.93,19.63,0.7,0.0,0.0,84.249
60.57,7.94,11.92,18.87,0.7,0.0,0.0,88.596
62.15,7.94,9.64,19.23,0.97,0.0,0.0,87.078
62.16,8.03,9.69,19.12,1.0,0.0,0.0,87.078
54.87,24.83,4.96,0.08,14.89,0.0,0.0,76.16
51.13,28.54,5.41,0.08,14.48,0.0,0.0,77.59
53.75,24.41,0.08,6.77,14.63,0.0,0.0,76.47
50.53,28.05,0.08,6.72,14.29,0.0,0.0,78.24
54.16,24.61,2.07,4.14,14.66,0.0,0.0,76.6
58.76,22.43,3.17,1.83,13.46,0.0,0.0,75.3
60.46,15.33,7.28,14.94,0.66,0.09,0.0,86.53
59.86,15.46,7.09,15.16,0.67,0.1,0.0,85.6
59.85,15.7,7.04,15.07,0.67,0.1,0.0,86.39
60.71,15.36,7.0,14.98,0.66,0.09,0.0,85.42
60.92,15.4,7.02,15.02,0.66,0.1,0.0,83.17
60.95,15.32,6.87,15.22,0.06,0.11,0.1,86.4
60.86,14.62,6.12,17.51,0.06,0.08,0.0,87.93
60.79,15.12,6.93,16.29,0.06,0.08,0.0,88.1
60.57,15.16,7.14,15.63,0.07,0.09,0.0,88.58
60.94,15.21,6.72,15.54,0.08,0.09,0.0,89.11
67.0,5.0,9.2,0.0,14.9,3.9,0.0,77.0
55.41,15.43,0.0,0.0,29.16,0.002473,0.0,66.9
49.55,13.73,0.0,0.0,0.008362,36.72,0.0,52.4
60.18,17.15,9.43,12.24,0.0,0.0,0.0,85.7
60.93,15.65,10.18,12.24,0.5,0.0,0.0,87.1
60.01,16.02,10.01,12.96,1.0,0.0,0.0,87.1
60.53,16.26,11.18,11.09,0.05,0.23,0.0,88.1
59.57,16.34,9.95,12.65,0.03,0.0,0.0,86.4
59.57,16.34,9.95,12.65,0.03,0.0,0.0,87.1
68.43,9.94,6.75,0.0,12.09,1.53,0.0,74.0
59.48,23.29,3.07,0.0,14.16,0.0,0.0,74.0
82.24,4.98,0.66,0.0,12.12,0.0,0.0,66.0
71.37,11.46,3.24,0.0,13.93,0.0,0.0,71.0
65.58,5.69,7.71,3.13,3.46,10.5,0.0,74.9
61.34,9.53,6.91,4.37,2.9,10.28,0.0,76.9
61.78,16.64,11.18,1.83,6.07,0.0,0.0,86.4
64.56,10.11,11.33,1.02,8.6,0.0,0.0,84.9
63.59,9.96,11.15,2.31,8.88,0.0,0.0,85.8
64.62,10.12,11.0,0.46,9.23,0.0,0.0,83.9
64.68,10.13,11.35,0.0,9.47,0.0,0.0,84.1
62.84,20.52,1.51,0.03,11.32,0.0,0.0,69.552
73.19,1.01,3.52,8.47,13.1,0.6,0.0,73.3
48.3,27.32,0.0,0.0,1.66,22.72,0.0,0.0
48.72,27.56,0.0,0.0,3.35,20.37,0.0,0.0
49.15,27.8,0.0,0.0,5.07,17.98,0.0,0.0
49.58,28.05,0.0,0.0,6.82,15.55,0.0,0.0
50.03,28.3,0.0,0.0,8.6,13.07,0.0,0.0
50.49,28.55,0.0,0.0,10.41,10.55,0.0,0.0
50.94,28.81,0.0,0.0,12.26,7.99,0.0,0.0
51.41,29.08,0.0,0.0,14.14,5.37,0.0,0.0
51.88,29.35,0.0,0.0,16.06,2.71,0.0,0.0
52.37,29.62,0.0,0.0,18.01,0.0,0.0,0.0
70.25,1.2,2.0,11.28,11.08,0.8,0.0,73.2
72.57,0.0,0.0,6.81,14.01,6.61,0.0,56.2
60.2,14.0,5.5,0.8,13.6,1.5,0.0,75.3
61.83,12.59,5.59,0.4,14.79,0.0,0.0,74.2
62.1,12.3,5.9,0.0,14.9,0.0,0.0,73.8
57.87,20.92,9.92,10.0,1.06,0.0,0.0,93.8
65.4,16.98,2.36,0.43,11.77,3.05,0.0,75.0
65.61,16.04,2.37,0.43,11.8,3.06,0.0,75.0
69.43,13.57,2.4,0.44,10.68,3.1,0.0,74.0
71.87,13.6,1.77,0.44,10.31,1.63,0.0,74.0
68.01,13.59,1.77,0.44,14.19,1.62,0.0,73.0
66.78,17.31,1.74,0.43,11.77,1.6,0.0,75.0
65.54,15.77,2.06,0.87,11.79,3.06,0.0,75.0
65.56,13.26,2.37,0.43,11.32,6.27,0.0,73.0
63.81,16.13,2.31,0.43,11.76,2.98,0.0,75.0
63.17,15.96,2.28,0.41,11.64,2.94,0.0,75.0
94.2,1.5,0.0,0.0,0.0,0.0,0.0,1.5732
94.2,1.5,0.0,0.0,0.0,0.0,0.0,1.8147
60.49,19.75,1.74,0.41,12.13,1.36,0.0,70.0212
61.69,18.71,1.7,0.42,12.23,1.35,0.0,70.1799
61.22,19.57,1.51,0.04,13.67,0.01,0.0,69.621
61.25,19.69,1.36,0.03,13.12,0.01,0.0,70.1937
61.43,19.64,1.12,0.05,13.16,0.01,0.0,68.2617
61.33,19.62,1.52,0.03,13.07,0.01,0.0,69.5934
61.47,19.53,1.49,0.03,12.88,0.01,0.0,69.1449
70.06,9.91,5.88,0.0,10.54,3.05,0.0,69.0
65.97,16.42,4.1,0.95,3.98,4.53,0.0,81.69
60.6,11.07,1.99,9.05,12.77,3.56,0.12,56.8
60.93,15.65,10.18,12.24,0.0,0.5,0.0,86.7
60.01,16.02,10.01,12.96,0.25,0.25,0.0,87.1
60.57,16.34,9.95,11.65,0.03,0.0,0.0,87.4
63.39,16.3,6.44,0.0,13.87,0.0,0.0,76.9
64.12,11.99,4.11,3.51,9.13,3.24,0.0,78.8
63.09,12.34,4.43,3.97,8.47,3.26,0.0,79.8
61.91,9.63,6.97,4.41,4.87,7.41,0.0,78.4
74.0,1.0,0.5,11.0,13.0,0.5,0.0,72.0
42.3,35.89,0.0,0.0,21.81,0.0,0.0,74.0
78.33,0.0,0.0,0.0,0.0,21.67,0.0,52.6
65.68,0.0,0.0,0.0,0.0,34.32,0.0,46.4
74.26,2.51,0.0,9.56,13.59,0.0,0.0,71.9
73.64,2.57,0.67,9.18,13.86,0.0,0.0,72.5
72.85,2.51,1.26,9.58,13.69,0.0,0.0,72.5
72.31,2.58,2.0,9.72,13.31,0.0,0.0,73.3
70.93,2.59,2.57,9.73,13.9,0.0,0.2,73.6
70.14,2.58,3.26,9.62,14.29,0.0,0.0,74.0
69.67,2.64,3.93,9.74,13.91,0.0,0.0,74.0
69.03,2.5,4.6,9.84,13.91,0.0,0.0,75.6
75.56,2.46,1.94,6.75,13.21,0.0,0.0,71.8
73.83,2.53,1.9,7.7,14.01,0.0,0.0,72.0
73.14,2.61,1.93,8.69,13.51,0.0,0.0,72.7
71.17,2.57,1.99,10.69,13.5,0.0,0.0,74.0
70.38,2.53,1.93,11.48,13.6,0.0,0.0,73.8
69.21,2.59,1.93,12.49,13.7,0.0,0.0,74.9
68.29,2.52,1.93,13.43,13.7,0.0,0.0,75.6
71.93,2.13,0.67,11.3,13.89,0.0,0.0,73.7
73.34,2.02,3.22,7.72,13.59,0.0,0.0,73.2
74.02,2.01,4.53,5.86,13.5,0.0,0.0,72.8
73.98,2.11,6.08,3.92,13.8,0.0,0.0,71.4
73.91,2.19,7.57,1.94,14.3,0.0,0.0,70.7
64.27,20.7,6.23,0.88,6.96,0.0,0.0,78.3
64.19,22.1,6.24,0.0,0.0,4.38,0.0,83.2
66.26,19.0,4.38,0.87,5.77,0.0,0.0,83.7
77.7,11.99,8.8,0.0,0.0,0.0,0.0,86.6
68.0,20.0,3.5,8.5,0.0,0.0,0.0,87.0
68.5,20.5,2.5,7.5,0.0,0.0,0.0,87.0
68.5,20.5,2.5,7.5,0.0,0.0,0.0,86.3
68.5,20.5,2.5,7.5,0.0,0.0,0.0,85.8
65.0,19.0,4.5,10.2,0.0,0.0,0.0,87.6
65.0,19.5,4.5,9.0,0.0,0.0,0.0,89.0
60.0,20.0,10.0,10.0,0.0,0.0,0.0,95.3
50.0,20.0,13.0,17.0,0.0,0.0,0.0,101.9
58.0,20.0,14.0,8.0,0.0,0.0,0.0,97.6
42.0,20.0,9.0,29.0,0.0,0.0,0.0,104.7
45.0,16.0,10.0,29.0,0.0,0.0,0.0,101.7
56.0,20.0,16.0,8.0,0.0,0.0,0.0,100.1
40.0,20.0,6.0,34.0,0.0,0.0,0.0,100.4
45.0,18.0,8.0,29.0,0.0,0.0,0.0,99.7
54.0,20.0,13.5,11.5,0.0,0.0,0.0,98.7
54.0,20.0,12.5,10.5,0.0,0.0,0.0,97.6
64.0,20.0,8.5,7.5,0.0,0.0,0.0,94.1
62.0,20.0,8.5,9.5,0.0,0.0,0.0,92.7
65.0,19.0,8.5,7.5,0.0,0.0,0.0,91.4
63.0,19.0,8.5,9.5,0.0,0.0,0.0,92.1
61.0,17.0,9.4,12.6,0.0,0.0,0.0,92.7
67.0,23.0,6.5,3.5,0.0,0.0,0.0,91.0
63.6,20.0,7.0,9.4,0.0,0.0,0.0,90.9
63.0,20.0,7.0,7.0,0.0,0.0,0.0,91.6
64.0,20.0,7.5,7.5,0.0,0.0,0.0,90.4
62.37,19.8,6.44,6.93,0.0,0.0,0.0,89.7
51.3,24.0,13.3,11.4,0.0,0.0,0.0,101.1
61.0,25.0,6.5,7.5,0.0,0.0,0.0,93.3
49.5,25.0,14.0,11.5,0.0,0.0,0.0,101.7
52.0,25.0,14.0,9.0,0.0,0.0,0.0,101.3
61.0,25.0,5.0,9.0,0.0,0.0,0.0,92.2
64.5,25.0,8.0,2.5,0.0,0.0,0.0,93.3
55.0,30.0,12.0,3.0,0.0,0.0,0.0,100.8
50.0,30.0,17.0,3.0,0.0,0.0,0.0,105.7
61.7,19.8,1.5,0.0,13.2,0.0,0.0,66.0
64.5,16.3,5.1,0.0,13.8,0.2,0.0,72.0
58.1,25.1,1.32,0.0,15.25,0.0,0.0,71.0
73.76,9.25,0.0,0.0,8.49,6.45,0.0,71.0
67.72,13.53,0.0,0.0,4.06,12.5,0.0,70.0
58.49,17.89,10.29,0.0,10.88,0.0,0.0,83.4
64.03,10.01,11.22,0.0,10.62,0.0,0.0,83.0
65.15,10.09,11.44,0.0,9.2,0.0,0.0,83.0
61.6,18.0,3.0,0.0,14.5,2.0,0.0,71.0
66.1,14.0,3.0,0.0,13.4,0.6,0.0,70.0
66.2,13.7,3.8,0.4,13.7,1.9,0.0,71.0
65.0,16.5,3.4,0.0,14.7,0.0,0.0,70.0
61.3,12.8,6.5,0.2,12.3,5.9,0.0,73.0
58.3,24.7,1.3,0.0,15.3,0.0,0.0,71.0
62.1,21.5,1.3,0.0,14.7,0.0,0.0,70.0
53.8,21.9,5.7,0.0,14.0,1.9,0.0,77.0
60.87,19.82,2.04,0.04,13.19,0.04,0.0,69.7314
61.97,18.81,1.72,0.42,13.18,0.01,0.0,71.2356
61.59,19.48,1.29,0.03,12.85,0.01,0.0,71.0631
61.78,19.53,1.48,0.03,12.8,0.01,0.0,69.4002
60.95,19.27,1.85,0.1,12.65,0.95,0.0,70.6008
61.41,19.63,1.12,0.05,13.16,0.04,0.0,68.2617
60.93,15.65,10.18,12.24,1.0,0.0,0.0,86.7
60.93,15.65,10.18,12.24,0.0,0.5,0.0,86.6
60.01,16.02,10.01,12.96,0.0,1.0,0.0,85.6
59.5,19.3,1.0,2.0,15.1,2.1,0.0,72.0
59.4,18.7,2.9,1.0,15.0,2.0,0.0,72.0
60.8,18.0,3.0,0.0,15.1,2.1,0.0,71.0
61.5,18.0,3.0,0.0,14.5,2.0,0.0,71.0
58.0,21.0,4.0,0.0,15.5,0.0,0.0,72.0
57.0,21.0,4.0,0.0,16.5,0.0,0.0,72.0
61.0,21.0,2.0,0.0,15.5,0.0,0.0,70.0
59.1,21.0,2.0,0.0,16.4,0.0,0.0,70.0
62.28,18.76,0.0,3.29,11.4,0.0,0.0,69.8763
60.96,18.36,0.0,3.22,7.1,6.17,0.0,68.4963
61.37,15.57,6.21,12.51,0.05,0.09,0.01,91.6
62.71,14.51,5.1,0.0,14.7,2.98,0.0,72.0
74.09,8.16,3.88,0.0,13.87,0.0,0.0,72.3
69.82,12.27,3.88,0.0,14.03,0.0,0.0,60.3
60.62,19.31,0.0,0.0,15.59,0.0,0.0,70.0
64.13,20.65,6.91,3.67,0.0,0.0,0.0,88.0
63.11,19.96,5.14,7.32,0.0,0.0,0.0,88.0
65.23,19.62,5.66,7.96,0.0,0.0,0.0,88.0
59.91,15.48,7.1,15.18,0.67,0.1,0.0,85.6
60.55,15.84,8.48,13.82,0.0,0.0,0.0,87.0
73.21,1.45,0.08,10.28,14.71,0.009998,0.009998,73.1
55.77,18.79,0.12,13.9,11.42,0.0,0.0,80.7
56.26,19.09,2.02,11.12,11.51,0.0,0.0,81.0
56.6,19.24,4.19,8.47,11.5,0.0,0.0,81.5
57.06,19.3,5.02,6.99,11.63,0.0,0.0,80.8
56.92,19.27,6.4,5.79,11.62,0.0,0.0,81.2
57.75,19.52,8.1,2.86,11.77,0.0,0.0,80.8
57.84,19.59,10.67,0.09,11.81,0.0,0.0,80.75
54.52,24.52,0.0,5.43,14.81,0.0,0.0,78.5
54.68,24.68,0.0,4.18,15.0,0.0,0.0,79.0
55.21,24.79,0.0,2.74,15.07,0.0,0.0,80.0
55.56,24.95,0.0,1.38,15.17,0.0,0.0,80.5
55.89,25.13,0.0,0.0,15.27,0.0,0.0,80.0
62.56,17.69,5.09,0.0,14.66,0.0,0.0,72.0
64.91,16.19,5.12,0.0,13.78,0.0,0.0,72.0
64.94,17.82,6.41,0.0,10.83,0.0,0.0,75.0
59.61,18.1,5.02,0.0,15.35,0.0,0.0,75.0
59.1,18.81,4.96,0.0,13.34,0.0,0.0,75.0
60.73,19.81,5.01,0.0,13.49,0.0,0.0,76.0
63.47,19.89,7.0,9.4,0.0,0.0,0.0,91.0
59.87,19.89,10.0,10.0,0.0,0.0,0.0,95.3
60.86,24.89,5.0,9.0,0.0,0.0,0.0,92.2
62.86,19.69,6.9,9.3,0.0,0.0,0.0,89.5
45.0,37.0,18.0,0.0,0.0,0.0,0.0,104.9
46.0,31.0,15.0,5.0,0.0,0.0,0.0,99.9
53.0,28.0,19.0,0.0,0.0,0.0,0.0,98.3
40.0,35.0,7.0,15.0,3.0,0.0,0.0,90.9
50.0,28.0,7.0,15.0,0.0,0.0,0.0,91.0
47.0,28.0,7.0,15.0,3.0,0.0,0.0,89.6
40.0,30.0,0.0,25.0,5.0,0.0,0.0,87.1
50.0,25.0,0.0,25.0,0.0,0.0,0.0,84.9
45.0,35.0,15.0,5.0,0.0,0.0,0.0,101.1
96.0,1.5,0.0,0.0,0.0,0.0,0.0,5.5338
67.49,16.57,3.35,1.88,5.02,1.52,0.0,82.62
63.74,16.33,1.11,0.96,13.02,0.4,0.0,78.57
67.2,20.0,9.8,0.0,0.0,0.0,0.0,87.699
67.0,22.0,11.0,0.0,0.0,0.0,0.0,89.424
68.15,20.14,9.71,0.0,0.0,0.0,0.0,87.975
70.88,9.98,5.19,0.0,13.95,0.0,0.0,71.2
63.26,14.35,2.96,0.0,16.48,2.95,0.0,69.8
74.25,3.36,3.98,0.0,15.31,3.1,0.0,67.0
70.94,9.4,0.96,0.0,17.73,0.0,0.0,67.9
69.92,11.22,0.32,0.0,17.06,1.48,0.0,68.3
73.02,3.3,2.61,0.0,14.06,3.05,0.0,68.5
61.7,19.8,1.5,0.0,13.2,0.0,0.0,68.0
59.56,18.16,5.0,0.0,15.36,0.0,0.0,75.2
64.91,16.19,5.12,0.0,13.78,0.0,0.0,74.0
60.1,19.12,5.04,0.0,13.56,0.0,0.0,71.5
66.08,12.81,2.83,0.0,15.8,0.0,0.0,74.0
78.45,3.45,7.87,0.1,9.21,0.08,0.0,69.0
49.58,23.96,3.63,0.0,12.1,6.41,0.0,72.0
37.99,32.23,0.0,0.0,0.0,29.78,0.0,71.2
45.79,38.85,15.36,0.0,0.0,0.0,0.0,105.2
43.19,36.65,0.0,20.16,0.0,0.0,0.0,92.6
69.98,4.95,0.0,0.0,25.07,0.0,0.0,62.5
67.13,8.14,0.0,0.0,24.73,0.0,0.0,64.0
64.36,11.24,0.0,0.0,24.4,0.0,0.0,66.0
60.32,15.75,0.0,0.0,23.93,0.0,0.0,69.0
53.94,22.88,0.0,0.0,23.18,0.0,0.0,71.0
0.0,49.44,2.15,48.41,0.0,0.0,0.0,109.7
6.97,47.02,0.0,46.01,0.0,0.0,0.0,105.68
6.83,46.03,2.1,45.04,0.0,0.0,0.0,107.39
12.78,43.1,1.96,42.16,0.0,0.0,0.0,105.61
6.79,43.82,1.99,42.88,0.0,0.0,0.0,108.33
6.99,45.09,2.05,44.13,0.0,0.0,0.0,111.52
61.46,15.36,6.26,13.18,0.05,0.09,0.01,90.6
58.87,14.48,3.56,6.19,14.08,2.82,0.0,75.1
55.74,17.51,3.78,6.39,13.93,2.65,0.0,77.0
64.38,11.57,4.12,3.59,13.48,2.86,0.0,73.6
61.1,14.63,4.13,3.54,13.78,2.82,0.0,74.4
57.34,19.1,1.06,0.05,17.73,0.25,0.0,67.9995
67.79,13.01,2.76,0.04,12.74,0.1,0.0,68.6205
67.63,13.22,2.87,0.04,12.61,0.1,0.0,68.7861
64.0,14.65,2.68,0.03,13.71,0.21,0.0,68.9862
60.56,15.52,9.11,11.41,0.21,0.62,0.0,89.3
61.06,16.02,8.96,11.41,0.24,0.54,0.0,90.0
60.26,15.57,9.01,11.01,0.24,0.54,0.0,89.5
59.56,15.82,8.41,11.51,0.22,0.56,0.0,88.7
61.56,15.32,9.21,11.71,0.23,0.55,0.0,88.9
59.86,15.52,9.11,10.61,0.4,0.4,0.0,89.0
60.66,15.42,9.51,11.01,0.25,0.47,0.0,88.7
59.46,17.02,9.06,11.21,0.4,0.43,0.0,89.3
55.89,31.61,12.5,0.0,0.0,0.0,0.0,102.0
54.55,30.86,6.1,8.49,0.0,0.0,0.0,95.0
52.37,29.62,0.0,0.0,18.01,0.0,0.0,72.0
52.37,29.62,0.0,0.0,18.01,0.0,0.0,100.0
53.0,0.0,5.0,20.0,6.0,12.0,0.0,120.0
53.0,0.0,5.0,20.0,6.0,12.0,0.0,130.0
53.0,0.0,5.0,20.0,6.0,12.0,0.0,135.0
53.0,0.0,5.0,20.0,6.0,12.0,0.0,150.0
53.0,0.0,5.0,20.0,6.0,12.0,0.0,140.0
53.0,0.0,5.0,20.0,6.0,12.0,0.0,128.0
61.48,17.38,0.0,0.0,21.14,0.0,0.0,65.0
66.47,18.79,0.0,0.0,11.42,0.0,0.0,0.0
71.08,18.49,0.0,10.43,0.0,0.0,0.0,83.1
67.51,20.68,0.0,11.81,0.0,0.0,0.0,85.0
63.52,23.26,0.0,13.22,0.0,0.0,0.0,86.8
59.74,25.65,0.0,14.61,0.0,0.0,0.0,88.5
59.74,25.65,0.0,14.61,0.0,0.0,0.0,90.2
52.82,30.28,0.0,16.9,0.0,0.0,0.0,91.9
49.62,32.4,0.0,17.98,0.0,0.0,0.0,93.2
47.29,33.48,0.0,19.23,0.0,0.0,0.0,94.9
47.29,33.48,0.0,19.23,0.0,0.0,0.0,98.2
41.24,37.55,0.0,21.21,0.0,0.0,0.0,97.5
38.7,39.29,0.0,22.01,0.0,0.0,0.0,98.9
36.23,40.89,0.0,22.88,0.0,0.0,0.0,100.1
34.14,42.34,0.0,23.52,0.0,0.0,0.0,101.3
31.52,44.13,0.0,24.35,0.0,0.0,0.0,102.4
29.25,45.54,0.0,25.21,0.0,0.0,0.0,103.4
68.08,9.78,0.0,22.14,0.0,0.0,0.0,83.4
66.31,14.43,0.0,19.26,0.0,0.0,0.0,83.6
65.54,16.66,0.0,17.8,0.0,0.0,0.0,84.3
65.12,18.73,0.0,16.15,0.0,0.0,0.0,84.8
64.14,21.02,0.0,14.84,0.0,0.0,0.0,85.6
63.7,22.98,0.0,13.32,0.0,0.0,0.0,87.2
62.6,26.94,0.0,10.46,0.0,0.0,0.0,90.9
31.81,30.06,0.0,38.13,0.0,0.0,0.0,98.9
32.21,33.42,0.0,34.37,0.0,0.0,0.0,99.6
30.33,41.05,0.0,28.62,0.0,0.0,0.0,101.9
27.48,46.49,0.0,26.03,0.0,0.0,0.0,102.7
54.82,19.87,24.81,0.0,0.0,0.0,0.0,142.0
42.3,35.89,0.0,0.0,21.81,0.0,0.0,75.0
59.45,25.22,0.0,0.0,15.33,0.0,0.0,76.0
68.74,19.44,0.0,0.0,11.82,0.0,0.0,73.0
74.57,15.82,0.0,0.0,9.61,0.0,0.0,58.0
71.14,10.32,5.59,0.0,12.95,0.0,0.0,70.2
61.93,11.24,5.95,0.0,18.28,0.0,0.0,72.2
59.03,17.88,3.0,1.0,12.09,5.0,0.0,72.0
55.0,19.9,3.0,1.0,12.1,5.0,0.0,73.0
58.44,20.38,1.0,2.0,15.08,2.1,0.0,72.0
60.3,18.9,2.9,0.0,15.1,0.0,0.0,70.0
59.93,17.98,3.0,0.0,14.19,0.0,0.0,69.0
58.63,19.38,3.0,1.0,14.89,2.1,0.0,72.0
66.6,13.0,2.9,0.0,10.0,3.0,0.0,70.0
60.9,19.9,2.0,0.0,14.7,0.0,0.0,69.0
61.6,17.9,3.0,0.0,14.6,2.0,0.0,71.0
60.0,21.0,2.0,0.0,15.5,0.0,0.0,70.0
55.45,15.74,6.67,0.36,20.21,0.75,0.0,73.8
56.23,18.28,5.15,0.26,17.88,2.2,0.0,74.2
57.98,14.8,5.46,0.36,20.95,0.45,0.0,72.1
58.8,13.9,5.76,0.36,20.88,0.3,0.0,71.9
58.78,16.89,4.77,0.0,19.56,0.0,0.0,72.5
54.2,17.75,6.12,0.35,21.58,0.0,0.0,73.3
55.56,15.76,6.68,0.36,20.25,0.75,0.0,73.6
56.35,16.2,6.15,0.36,20.19,0.75,0.0,73.2
58.01,14.64,6.24,0.72,18.59,1.8,0.0,73.3
58.23,12.84,7.03,0.36,20.02,1.52,0.0,72.3
60.32,20.47,11.74,7.27,0.1,0.0,0.0,96.0
58.0,21.9,10.0,10.0,0.1,0.0,0.0,86.0
57.0,20.0,12.0,10.9,0.1,0.0,0.0,87.0
61.5,14.3,3.0,0.5,15.7,4.0,0.0,70.0
59.7,16.6,3.0,0.5,15.3,3.9,0.0,71.0
65.66,22.19,8.49,0.0,0.25,0.0,0.0,86.6
65.24,21.97,8.24,1.08,0.22,0.0,0.0,87.3
65.27,21.99,8.26,1.1,0.0,0.0,0.0,87.1
63.3,19.88,6.96,9.34,0.0,0.0,0.0,91.0
67.0,13.1,9.9,5.3,0.0,0.0,0.0,89.0
67.1,13.0,9.7,7.2,0.0,0.0,0.0,88.0
61.46,15.36,6.26,13.18,0.05,0.09,0.01,91.6
61.18,12.84,6.52,0.2,12.34,5.92,0.0,73.0
58.75,23.01,1.82,0.0,12.96,0.14,0.0,69.0276
60.13,22.55,3.15,0.0,14.17,0.0,0.0,73.6299
61.53,21.79,4.71,7.07,0.0,0.0,0.0,88.0
62.02,21.9,5.67,5.81,0.0,0.0,0.0,86.0
61.74,1.71,0.0,8.58,25.03,0.0,0.0,81.04
62.78,1.74,0.0,8.72,25.45,0.0,0.0,82.15
62.82,1.75,0.0,8.73,25.47,0.0,0.0,75.04
62.78,1.74,0.0,8.72,25.45,0.0,0.0,80.44
57.1,19.8,3.0,1.0,12.09,5.0,0.0,72.0
55.0,19.9,3.0,1.0,12.09,5.0,0.0,73.0
54.84,19.88,3.0,1.0,15.18,2.1,0.0,72.0
60.0,19.0,2.9,0.0,10.1,3.1,0.0,69.0
61.1,18.9,2.0,0.0,13.6,1.5,0.0,70.0
58.0,23.0,2.0,0.0,16.5,0.0,0.0,71.0
59.0,23.0,2.0,0.0,14.5,0.0,0.0,71.0
58.47,13.01,2.0,2.0,14.51,5.51,0.0,75.0
61.33,17.98,3.0,0.0,14.49,2.0,0.0,71.0
58.49,22.77,2.51,0.03,12.55,0.28,0.0,71.691
61.0,20.95,1.57,0.03,12.67,0.0,0.0,69.345
61.38,20.8,1.77,0.03,12.27,0.01,0.0,69.621
61.3,20.6,1.9,0.03,12.45,0.0,0.0,69.414
60.3,21.0,1.21,0.03,12.47,0.03,0.0,67.689
71.17,4.31,8.39,1.33,13.84,0.96,0.0,72.0
70.9,4.3,7.41,2.65,13.79,0.95,0.0,73.0
68.88,4.33,9.24,1.43,15.16,0.96,0.0,73.0
68.6,4.31,8.18,2.85,15.1,0.96,0.0,73.0
71.04,4.31,8.03,1.33,14.34,0.95,0.0,72.0
71.3,4.32,8.75,1.33,13.34,0.96,0.0,73.0
68.76,4.32,8.88,1.43,15.65,0.96,0.0,72.0
69.01,4.34,9.6,1.43,14.66,0.96,0.0,73.0
70.67,4.28,6.5,3.86,13.74,0.95,0.0,74.0
70.4,4.27,5.53,5.16,13.69,0.95,0.0,74.0
68.34,4.29,7.13,4.25,15.04,0.95,0.0,74.0
68.05,4.28,6.09,5.65,14.98,0.95,0.0,74.0
68.92,4.3,7.48,3.5,14.85,0.95,0.0,73.0
68.47,4.3,7.62,3.6,15.06,0.95,0.0,74.0
69.26,4.29,6.85,4.15,14.5,0.95,0.0,74.0
68.8,4.29,6.99,4.15,14.82,0.95,0.0,74.0
69.94,4.27,5.67,5.26,13.91,0.95,0.0,74.0
69.45,4.27,5.74,5.36,14.23,0.95,0.0,74.0
62.1,21.5,1.3,0.0,14.7,0.0,0.0,71.0
58.09,18.07,10.39,0.0,10.98,0.0,0.0,83.0
59.32,18.15,13.04,0.0,7.02,0.0,0.0,89.2
64.19,10.06,11.26,1.48,8.76,0.0,0.0,85.1
64.23,10.05,11.25,0.0,10.22,0.0,0.0,83.0
64.83,10.19,11.47,0.0,9.39,0.0,0.0,83.0
64.73,10.14,11.45,0.0,9.56,0.0,0.0,83.0
58.57,24.07,13.88,2.47,0.06,0.13,0.0,94.9
57.94,23.81,13.74,3.5,0.06,0.13,0.0,94.58
48.41,30.76,12.85,3.51,0.11,0.19,0.0,103.69
63.92,25.12,4.79,3.15,1.07,0.14,0.0,87.57
50.4,34.15,7.58,2.59,0.96,0.22,0.0,95.01
51.12,35.38,6.45,1.53,0.42,0.22,0.0,94.94
55.11,32.76,6.38,0.86,0.39,0.2,0.0,92.89
58.08,29.64,7.14,1.57,0.4,0.18,0.0,92.71
55.16,32.54,6.55,1.5,0.41,0.21,0.0,92.71
59.19,29.71,6.65,1.47,0.4,0.19,0.0,92.95
53.92,34.92,3.58,2.73,0.18,0.25,0.0,89.5
57.7,19.9,1.0,3.0,15.3,2.1,0.0,73.0
59.0,19.9,1.9,1.0,15.1,2.1,0.0,72.0
59.4,18.7,2.9,1.0,12.0,5.0,0.0,73.0
59.7,19.5,2.9,1.0,14.8,1.1,0.0,72.0
58.0,19.0,4.0,1.0,15.0,2.0,0.0,73.0
64.9,16.5,3.4,0.1,14.7,0.0,0.0,70.0
62.0,19.0,2.0,0.0,15.5,0.0,0.0,70.0
60.0,21.0,2.0,0.0,16.5,0.0,0.0,70.0
61.0,19.0,1.5,0.0,13.5,2.0,0.0,70.0
68.35,4.27,7.57,3.94,15.34,0.53,0.0,77.0
68.27,4.3,7.61,3.9,14.91,1.01,0.0,76.9
68.12,4.26,7.84,3.86,14.39,1.53,0.0,76.8
68.34,4.12,6.5,5.05,14.91,1.08,0.0,76.2
68.43,4.16,5.54,6.12,14.8,0.95,0.0,75.9
68.22,4.36,4.33,7.26,14.86,0.96,0.0,75.3
68.73,5.02,4.14,7.32,14.3,0.49,0.0,75.6
68.71,5.02,4.14,7.32,13.84,0.97,0.0,75.4
68.71,5.02,4.14,7.32,13.24,1.57,0.0,75.2
70.5,3.08,4.15,7.09,14.87,0.32,0.0,75.0
70.38,3.07,4.15,7.08,14.52,0.8,0.0,74.8
70.2,3.06,4.14,7.06,13.98,1.57,0.0,74.4
70.12,3.06,4.13,7.05,13.75,1.88,0.0,74.3
69.54,1.9,0.03,13.68,10.43,4.42,0.0,72.8
69.91,1.91,1.01,12.31,10.44,4.42,0.0,73.1
70.69,1.57,4.77,8.49,13.6,0.88,0.0,76.3
68.72,5.02,4.14,7.32,14.6,0.2,0.0,75.6
71.29,1.9,5.19,7.73,12.36,1.53,0.0,75.6
70.24,1.92,0.01,14.04,12.38,1.41,0.0,74.4
71.23,1.95,2.56,10.48,12.37,1.41,0.0,75.1
70.72,1.19,3.76,11.22,10.23,2.88,0.0,76.3
59.4,21.6,2.0,0.0,16.6,0.0,0.0,70.0
59.52,18.94,9.92,11.12,0.0,0.0,0.0,85.0
59.12,18.54,9.52,11.82,0.0,0.0,0.0,83.0
48.0,35.0,17.0,0.0,0.0,0.0,0.0,101.4
51.0,31.0,15.0,3.0,0.0,0.0,0.0,98.3
51.0,31.0,15.0,0.0,0.0,0.0,0.0,98.0
49.0,31.0,15.0,5.0,0.0,0.0,0.0,98.7
45.0,31.0,21.0,3.0,0.0,0.0,0.0,101.8
45.0,31.0,16.0,5.0,0.0,0.0,0.0,99.8
51.0,31.0,18.0,0.0,0.0,0.0,0.0,100.2
45.0,37.0,15.0,0.0,0.0,0.0,0.0,102.9
48.0,31.0,21.0,0.0,0.0,0.0,0.0,102.2
46.55,33.97,16.48,0.0,0.0,0.0,0.0,98.9
53.82,22.05,4.98,0.0,19.15,0.0,0.0,73.0
55.72,22.06,4.98,0.0,17.24,0.0,0.0,73.0
61.78,20.65,5.02,0.0,12.55,0.0,0.0,75.0
65.32,14.67,5.15,0.0,14.86,0.0,0.0,71.0
65.77,14.77,6.49,0.0,12.97,0.0,0.0,73.0
59.68,18.98,5.0,0.0,14.43,0.0,0.0,78.0
60.37,19.19,5.02,0.0,14.08,0.0,0.0,76.0
58.92,14.61,2.1,24.37,0.0,0.0,0.0,89.2
60.35,15.17,2.21,22.27,0.0,0.0,0.0,88.9
59.78,14.46,2.52,23.24,0.0,0.0,0.0,88.0
59.65,15.17,3.03,22.15,0.0,0.0,0.0,88.3
58.27,15.76,3.5,22.47,0.0,0.0,0.0,88.3
58.77,13.71,3.16,24.36,0.0,0.0,0.0,90.4
58.52,14.74,1.63,25.11,0.0,0.0,0.0,89.4
61.38,12.91,1.76,23.95,0.0,0.0,0.0,87.0
58.71,12.95,3.31,25.03,0.0,0.0,0.0,90.2
60.7,13.68,2.73,22.89,0.0,0.0,0.0,87.1
60.91,13.7,2.07,23.32,0.0,0.0,0.0,87.3
58.77,15.17,2.99,23.07,0.0,0.0,0.0,89.6
59.97,13.66,2.26,24.11,0.0,0.0,0.0,89.7
60.73,15.09,2.0,22.18,0.0,0.0,0.0,87.6
60.21,14.25,3.38,22.16,0.0,0.0,0.0,90.3
60.16,12.9,1.62,25.32,0.0,0.0,0.0,89.6
61.07,15.65,2.01,21.27,0.0,0.0,0.0,88.7
57.65,13.14,4.03,25.18,0.0,0.0,0.0,88.9
58.52,13.28,3.05,25.15,0.0,0.0,0.0,89.2
60.18,15.88,2.56,21.38,0.0,0.0,0.0,88.2
61.77,15.86,1.35,21.02,0.0,0.0,0.0,87.7
58.93,15.09,2.6,23.38,0.0,0.0,0.0,88.9
61.19,14.37,3.06,21.38,0.0,0.0,0.0,88.1
58.07,15.9,2.34,23.69,0.0,0.0,0.0,88.7
58.78,13.0,3.34,24.88,0.0,0.0,0.0,90.2
60.75,14.41,2.89,21.95,0.0,0.0,0.0,89.4
59.66,14.32,2.68,23.34,0.0,0.0,0.0,88.4
71.29,13.16,3.96,8.31,1.76,0.83,0.69,72.0
58.5,19.5,3.0,1.0,15.0,2.0,0.0,72.0
62.0,18.0,3.0,0.5,15.0,1.0,0.0,71.0
61.5,18.0,3.0,0.5,14.5,2.0,0.0,71.0
59.0,21.0,4.0,0.0,14.5,0.0,0.0,73.0
60.0,20.0,3.0,0.0,16.5,0.0,0.0,71.0
61.0,19.0,1.5,0.0,14.0,1.5,0.0,70.0
60.1,21.0,2.0,0.0,16.4,0.0,0.0,70.0
61.75,19.74,1.48,0.03,12.83,0.0,0.0,69.069
60.5,20.84,1.46,0.03,12.73,0.01,0.0,71.4357
58.76,22.19,1.45,0.04,12.69,0.01,0.0,72.2775
75.76,5.01,1.98,0.0,17.25,0.0,0.0,68.0
75.98,5.02,1.99,2.76,14.25,0.0,0.0,70.0
61.46,15.36,6.26,13.18,0.05,0.09,0.01,88.0
59.96,15.66,7.8,13.03,0.03,0.09,0.02,90.6
60.6,11.07,1.99,9.05,12.77,3.56,0.12,56.79
62.17,19.18,5.05,0.0,13.6,0.0,0.0,73.0
65.34,16.31,6.45,0.0,11.9,0.0,0.0,74.0
59.47,18.92,4.36,0.0,15.34,0.0,0.0,76.0
72.35,1.9,4.01,6.71,15.03,0.0,0.0,72.0
72.0,0.6,4.27,8.73,13.78,0.4,0.2,71.0
58.42,18.44,3.13,0.0,15.77,0.0,0.0,69.6
53.97,24.44,1.0,5.49,14.74,0.0,0.0,76.8
54.32,24.69,3.14,2.74,14.77,0.0,0.0,76.6
54.54,24.7,3.52,2.04,14.83,0.0,0.0,77.0
54.81,24.69,3.91,1.34,14.88,0.0,0.0,76.7
54.77,24.78,4.49,0.67,14.92,0.0,0.0,76.7
54.41,24.57,3.43,2.01,13.7,1.52,0.0,77.2
54.13,24.48,3.47,2.01,12.9,2.65,0.0,77.3
56.62,23.56,3.35,1.95,14.15,0.0,0.0,76.0
63.27,19.9,6.96,9.35,0.0,0.0,0.0,91.0
60.32,14.5,6.06,17.36,0.06,0.08,0.0,87.93
60.31,14.76,6.52,16.64,0.06,0.08,0.0,88.38
60.17,14.86,6.65,16.47,0.06,0.08,0.0,87.9
60.25,14.98,6.87,16.14,0.06,0.08,0.0,88.1
60.12,15.02,6.97,16.03,0.06,0.08,0.0,87.9
60.27,15.09,7.09,15.83,0.07,0.09,0.0,88.02
60.39,15.11,7.12,15.58,0.07,0.09,0.0,88.58
60.7,15.17,6.8,15.44,0.08,0.09,0.0,88.86
60.84,15.2,6.72,15.51,0.08,0.09,0.0,88.86
60.79,15.19,6.71,15.54,0.08,0.09,0.0,88.82
60.86,15.19,6.71,15.52,0.08,0.09,0.0,89.11
60.56,15.72,9.01,11.61,0.2,0.6,0.0,89.1
61.36,15.42,8.71,11.31,0.21,0.36,0.0,89.4
60.46,15.62,8.96,11.51,0.24,0.53,0.0,89.1
61.37,15.57,6.21,12.51,0.05,0.09,0.01,88.9
63.16,21.59,5.7,7.9,0.05,0.0,0.0,91.0
62.46,19.49,8.0,6.0,0.05,0.0,0.0,91.0
63.51,19.99,7.0,9.39,0.0,0.0,0.0,91.0
62.22,18.92,2.36,0.04,13.49,0.01,0.0,70.725
60.34,19.67,1.74,0.04,12.28,1.37,0.0,70.0557
61.53,19.75,1.44,0.04,13.13,0.01,0.0,69.0
62.04,19.06,1.45,0.05,13.22,0.06,0.0,69.4002
61.82,19.38,1.46,0.03,12.76,0.01,0.0,69.0759
70.6,18.6,10.7,0.0,0.0,0.0,0.0,87.1
70.6,18.6,3.1,7.6,0.0,0.0,0.0,82.4
72.19,20.19,4.69,1.59,0.2,0.0,0.0,85.2
59.42,19.04,10.02,11.02,0.0,0.0,0.0,85.0
58.92,19.04,10.02,11.02,0.0,0.0,0.0,84.0
58.42,19.04,10.02,11.02,0.0,0.0,0.0,83.0
58.92,19.54,9.02,12.02,0.0,0.0,0.0,84.0
58.92,19.04,9.02,12.02,0.0,0.0,0.0,84.0
58.92,18.54,9.02,12.02,0.0,0.0,0.0,83.0
58.92,18.24,10.02,11.82,0.0,0.0,0.0,83.0
58.42,19.04,12.02,10.02,0.0,0.0,0.0,84.0
58.42,18.74,11.82,10.02,0.0,0.0,0.0,84.0
58.42,18.54,11.52,10.02,0.0,0.0,0.0,84.0
64.0,12.0,8.0,0.0,16.0,0.0,0.0,72.0
64.0,14.0,8.0,0.0,14.0,0.0,0.0,75.0
60.0,14.0,10.0,0.0,16.0,0.0,0.0,75.0
62.0,14.0,10.0,0.0,14.0,0.0,0.0,75.0
60.0,14.0,8.0,0.0,18.0,0.0,0.0,73.0
66.0,12.0,8.0,0.0,14.0,0.0,0.0,73.0
68.0,10.0,8.0,0.0,14.0,0.0,0.0,72.0
68.0,9.0,10.0,0.0,13.0,0.0,0.0,73.0
68.0,11.0,10.0,0.0,11.0,0.0,0.0,75.0
66.0,11.0,8.0,0.0,15.0,0.0,0.0,76.0
64.0,12.0,8.0,0.0,16.0,0.0,0.0,77.0
64.0,12.0,8.0,0.0,15.0,0.0,0.0,78.0
64.0,12.0,8.0,0.0,14.0,0.0,0.0,75.0
64.0,12.0,7.0,0.0,16.0,0.0,0.0,76.0
67.68,11.11,6.06,0.0,13.13,2.02,0.0,71.0
64.6,12.1,8.0,0.0,14.6,0.0,0.0,76.0
61.53,7.06,4.15,12.0,11.7,0.01,0.34,80.8
66.6,5.03,4.13,9.2,10.1,0.01,0.24,79.2
68.09,3.43,4.44,9.87,11.72,0.01,0.22,78.3
68.72,1.88,4.52,8.52,12.0,0.01,0.21,79.3
59.62,18.74,11.32,5.11,0.11,0.19,0.0,95.8
58.97,19.09,10.32,6.31,0.13,0.3,0.0,95.0
58.97,19.09,10.82,5.81,0.13,0.3,0.0,95.4
58.97,19.09,11.52,5.11,0.13,0.3,0.0,96.3
58.97,19.09,12.52,4.11,0.13,0.3,0.0,96.5
58.96,19.09,13.53,3.11,0.13,0.3,0.0,95.7
58.96,19.09,14.03,2.81,0.14,0.31,0.0,95.2
59.12,18.84,11.42,5.31,0.14,0.3,0.0,96.0
60.12,19.04,11.82,3.91,0.12,0.21,0.0,95.6
58.8,18.7,12.1,5.3,0.15,0.23,0.0,95.8
61.31,15.73,8.71,12.02,0.21,0.13,0.0,89.1
60.7,15.73,9.12,11.82,0.21,0.13,0.0,89.0
60.49,15.67,8.63,11.9,0.21,0.13,0.0,89.3
60.27,16.12,8.31,13.42,0.26,0.08,0.0,89.7
61.62,15.7,8.5,12.2,0.21,0.13,0.0,89.6
61.07,15.42,8.41,13.22,0.21,0.13,0.0,89.5
60.57,15.42,8.31,13.82,0.21,0.13,0.0,89.3
58.45,18.45,3.13,0.0,15.78,0.0,0.06,69.6
56.99,20.41,1.84,0.0,15.83,0.0,0.06,69.4
73.18,0.7,4.5,8.91,12.71,0.0,0.0,72.0
73.18,0.7,4.5,8.91,12.71,0.0,0.0,102.0
60.2,8.9,0.0,0.0,30.9,0.0,0.0,63.74
54.13,16.58,0.0,0.0,29.29,0.0,0.0,67.96
45.78,23.93,0.0,0.0,30.29,0.0,0.0,70.08
41.43,30.82,0.0,0.0,27.75,0.0,0.0,72.55
50.6,8.88,0.0,0.0,40.52,0.0,0.0,64.2
48.18,16.57,0.0,0.0,35.25,0.0,0.0,66.89
45.71,31.38,0.0,0.0,22.91,0.0,0.0,72.71
37.77,23.73,0.0,0.0,38.5,0.0,0.0,69.88
42.87,24.04,0.0,0.0,33.09,0.0,0.0,69.66
52.29,24.11,0.0,0.0,23.6,0.0,0.0,70.97
48.38,32.04,4.74,0.07,14.41,0.0,0.0,80.03
45.31,35.43,4.63,0.07,14.21,0.0,0.0,81.46
47.18,31.49,0.08,6.82,14.08,0.0,0.0,79.64
44.35,34.81,0.07,6.48,13.95,0.0,0.0,80.17
60.86,14.63,6.11,17.51,0.06,0.08,0.0,87.93
60.86,14.89,6.58,16.79,0.06,0.08,0.0,88.38
60.77,15.01,6.72,16.63,0.06,0.08,0.0,87.9
60.8,15.11,6.93,16.29,0.06,0.08,0.0,88.1
60.42,15.09,7.0,16.11,0.06,0.08,0.0,87.9
60.45,15.13,7.11,15.88,0.07,0.09,0.0,88.02
60.39,15.11,7.12,15.88,0.07,0.09,0.0,88.58
60.92,15.22,6.82,15.49,0.08,0.09,0.0,88.86
60.94,15.22,6.73,15.53,0.08,0.09,0.0,88.86
60.89,15.22,6.72,15.57,0.08,0.09,0.0,88.82
65.34,16.83,3.47,0.0,13.51,0.0,0.0,77.349
65.66,16.87,3.49,0.0,13.58,0.0,0.0,78.453
64.74,16.69,3.43,0.0,13.43,0.0,0.0,82.593
63.82,16.65,3.43,0.0,13.38,0.0,0.0,80.04
64.11,16.72,3.46,0.0,13.44,0.0,0.0,81.696
63.09,16.59,3.44,0.0,13.36,0.0,0.0,82.317
62.3,16.58,3.4,0.0,13.2,0.0,0.0,73.899
51.32,34.78,7.71,1.66,0.13,0.22,0.0,96.01
55.16,32.54,6.55,1.5,0.41,0.21,0.0,94.52
56.53,24.51,0.01,0.11,13.12,1.41,0.0,68.1099
61.89,20.85,1.71,0.03,11.56,0.14,0.0,69.1449
65.97,10.94,10.98,0.0,9.21,0.0,0.0,82.0
65.55,16.36,5.82,6.3,5.97,0.0,0.0,83.0
63.07,17.57,3.79,0.0,12.62,2.95,0.0,71.0
67.95,19.76,3.91,0.0,3.0,1.52,0.0,83.8
66.9,19.46,3.85,0.0,3.94,3.0,0.0,81.9
59.94,18.12,5.02,0.0,14.98,1.4,0.0,75.0
59.24,17.47,5.36,0.0,15.91,1.48,0.0,78.0
60.99,16.87,5.27,0.0,15.63,0.89,0.0,73.0
60.82,16.82,5.25,0.0,15.57,1.19,0.0,74.0
58.77,25.59,2.86,0.0,12.19,0.0,0.0,75.0
54.85,25.44,2.84,0.0,12.12,0.0,0.0,72.0
61.9,19.7,1.5,0.0,13.2,0.0,0.0,69.0
50.01,30.77,2.77,0.0,11.83,0.0,0.0,75.0
66.14,14.0,3.0,0.0,13.4,0.6,0.0,70.0
62.29,19.0,1.52,0.49,12.3,0.0,0.0,69.0
62.78,19.0,1.52,0.0,12.3,0.0,0.0,68.0
64.45,16.3,5.1,0.0,13.8,0.15,0.0,72.0
60.78,16.3,3.58,0.52,14.1,3.64,0.0,71.0
64.67,16.5,3.5,0.06,14.9,0.0,0.0,69.0
61.86,19.7,1.5,0.03,13.2,0.01,0.0,65.0
61.57,18.0,3.0,0.08,14.5,2.0,0.0,70.0
62.23,12.99,6.29,0.22,11.29,5.89,0.0,73.0
66.0,14.0,3.0,0.0,13.4,0.6,0.0,68.0
74.0,1.3,0.2,10.5,13.5,0.3,0.2,72.0
79.57,0.34,0.0,0.0,20.09,0.0,0.0,59.1
81.21,0.35,5.48,0.0,12.96,0.0,0.0,67.6
79.3,0.34,0.0,7.47,12.89,0.0,0.0,70.0
72.14,6.72,0.0,0.0,21.14,0.0,0.0,64.5
74.03,6.92,5.61,0.0,13.44,0.0,0.0,69.1
72.53,6.77,0.0,7.73,12.97,0.0,0.0,73.6
57.39,20.67,0.0,0.0,21.94,0.0,0.0,70.2
59.24,21.44,5.71,0.0,13.61,0.0,0.0,76.4
57.95,20.97,0.0,7.77,13.31,0.0,0.0,77.5
41.92,36.71,0.0,0.0,21.37,0.0,0.0,73.5
42.6,37.61,6.38,0.0,13.41,0.0,0.0,85.9
41.92,36.73,0.0,8.43,12.92,0.0,0.0,82.6
65.32,8.0,0.0,3.2,22.2,0.0,0.0,68.0
65.32,9.0,0.0,2.3,4.0,19.0,0.0,65.0
65.32,9.0,0.0,4.3,6.0,15.0,0.0,68.0
65.32,9.0,0.0,2.3,6.0,17.0,0.0,66.0
65.32,9.0,0.0,2.3,8.0,15.0,0.0,67.0
63.32,9.0,0.0,6.3,4.0,15.0,0.0,71.0
63.32,9.0,0.0,2.3,4.0,19.0,0.0,67.0
63.32,9.0,0.0,6.3,6.0,13.0,0.0,72.0
63.32,9.0,0.0,2.3,6.0,17.0,0.0,68.0
61.32,11.25,1.91,2.65,19.53,2.97,0.0,71.0
65.32,8.0,0.0,3.2,19.45,0.0,0.0,71.0
65.62,8.0,0.0,3.2,19.1,0.0,0.0,71.0
59.3,19.0,10.0,11.0,0.0,0.0,0.0,85.0
58.8,19.0,10.0,11.0,0.0,0.0,0.0,84.0
58.3,19.0,10.0,11.0,0.0,0.0,0.0,83.0
58.8,19.5,9.0,12.0,0.0,0.0,0.0,84.0
58.8,19.0,9.0,12.0,0.0,0.0,0.0,84.0
58.8,18.5,9.0,12.0,0.0,0.0,0.0,83.0
58.8,18.2,10.0,11.8,0.0,0.0,0.0,83.0
58.3,19.0,12.0,10.0,0.0,0.0,0.0,84.0
58.3,18.7,11.8,10.0,0.0,0.0,0.0,84.0
58.3,18.5,11.5,10.0,0.0,0.0,0.0,84.0
67.37,16.01,0.0,0.0,12.98,0.0,0.0,69.6
58.8,19.0,4.38,0.0,16.36,1.46,0.0,73.0
74.63,2.93,10.22,0.0,6.49,5.73,0.0,73.5
71.48,1.72,4.21,8.69,12.95,0.95,0.0,73.0
60.93,9.51,5.01,6.1,4.82,9.53,0.0,77.0
60.85,12.86,6.67,0.09,12.22,5.94,0.0,74.0
65.23,14.08,4.54,0.44,13.77,1.94,0.0,72.0
61.21,20.31,1.41,0.0,12.91,0.14,0.0,64.0
71.97,1.86,4.69,7.82,12.99,0.31,0.19,72.0
59.9,25.0,0.0,15.0,0.0,0.0,0.0,94.0
64.9,20.0,0.0,15.0,0.0,0.0,0.0,89.5
69.9,15.0,0.0,15.0,0.0,0.0,0.0,84.8
69.9,15.0,7.5,7.5,0.0,0.0,0.0,89.1
69.9,15.0,10.0,5.0,0.0,0.0,0.0,90.7
69.9,15.0,2.5,10.0,0.0,0.0,0.0,86.4
60.26,19.66,1.42,0.4,12.25,1.38,0.0,70.3248
61.36,18.88,1.77,0.05,12.59,1.22,0.0,71.1735
61.39,19.68,1.37,0.03,13.36,0.01,0.0,69.3312
61.65,19.66,1.46,0.03,13.0,0.01,0.0,69.138
61.4,19.66,1.43,0.03,12.87,0.01,0.0,69.0621
69.76,10.92,1.59,0.0,9.76,4.0,0.0,72.5
68.67,11.02,1.33,0.0,10.88,4.14,0.0,72.4
66.69,11.81,1.52,0.0,12.33,3.69,0.0,72.6
68.76,10.99,1.92,0.44,15.23,1.94,0.0,70.3
70.36,9.82,3.24,0.0,12.65,2.73,0.0,72.2
72.61,0.0,4.12,9.55,13.72,0.0,0.0,72.0
74.36,0.86,4.23,6.26,13.93,0.32,0.0,71.4
74.22,0.86,4.22,6.25,13.9,0.32,0.0,75.4
73.67,0.85,4.19,6.2,13.8,0.32,0.0,77.0
73.02,0.84,4.15,6.14,13.68,0.32,0.0,74.7
71.6,0.82,4.07,6.02,13.41,0.31,0.0,72.0
59.85,15.58,8.7,11.05,0.2,0.09,0.02,91.1
68.2,16.58,9.83,0.0,5.14,0.0,0.0,82.0
55.37,31.48,12.45,0.0,0.0,0.0,0.0,100.0
51.14,28.98,19.64,0.0,0.0,0.0,0.0,105.0
66.95,8.12,0.0,0.0,24.69,0.0,0.0,65.0
54.79,31.05,9.21,0.0,4.72,0.0,0.0,92.0
42.92,43.77,8.65,0.0,4.44,0.0,0.0,101.0
60.06,33.97,5.97,0.0,0.0,0.0,0.0,96.0
55.89,31.61,12.5,0.0,0.0,0.0,0.0,101.0
51.31,29.02,19.67,0.0,0.0,0.0,0.0,105.0
59.74,16.77,9.54,8.93,0.23,0.36,0.0,93.9
59.5,17.16,10.43,7.63,0.21,0.34,0.0,94.1
59.54,16.74,9.42,9.72,0.23,0.38,0.0,93.3
60.26,17.04,9.82,10.23,0.21,0.41,0.0,90.9
59.51,16.86,9.83,10.03,0.21,0.32,0.0,92.9
59.57,16.75,9.43,9.03,0.32,0.58,0.0,94.3
59.25,16.84,9.32,9.92,0.21,0.39,0.0,93.5
60.55,16.74,9.72,9.22,0.21,0.43,0.0,91.2
61.16,16.25,9.72,8.52,0.21,0.43,0.0,92.1
59.87,16.85,9.33,10.13,0.22,0.38,0.0,93.0
59.47,17.05,9.73,8.22,0.22,0.37,0.0,95.6
58.1,19.14,9.42,7.92,0.18,0.31,0.0,95.7
58.41,19.14,10.22,8.32,0.22,0.2,0.0,93.1
58.1,19.44,9.02,8.02,0.18,0.31,0.0,95.8
57.98,20.06,9.23,8.12,0.13,0.22,0.0,92.8
58.42,19.27,9.43,8.13,0.14,0.31,0.0,92.2
58.41,19.27,9.74,7.83,0.11,0.3,0.0,93.4
66.03,13.18,5.86,6.34,6.01,0.0,0.0,82.0
65.81,11.49,5.84,6.32,5.99,0.0,0.0,83.0
61.67,16.78,6.89,1.31,6.55,2.78,0.0,83.9
65.47,11.43,4.52,8.09,5.96,0.0,0.0,83.0
65.38,13.22,5.81,4.4,7.94,0.0,0.0,81.0
63.98,16.83,2.2,8.12,6.95,0.0,0.0,81.0
64.85,15.06,2.22,9.6,6.33,0.0,0.0,81.0
66.77,13.76,3.2,8.9,5.41,0.0,0.0,82.0
57.93,22.07,0.0,8.18,9.97,0.0,0.0,80.0
56.69,7.4,0.0,4.07,4.5,27.34,0.0,65.0
57.7,22.0,7.0,10.0,0.0,0.0,0.0,91.4
57.76,21.52,8.51,9.51,0.0,0.0,0.2,95.1
57.54,21.98,9.49,8.49,0.1,0.1,0.1,95.3
66.27,16.54,9.15,0.0,8.04,0.0,0.0,80.9
42.4,43.16,5.69,0.0,8.75,0.0,0.0,99.1
44.41,45.21,5.96,0.0,0.0,0.0,0.0,111.0
54.94,31.07,0.0,0.0,9.44,0.0,0.0,83.3
64.54,16.1,7.64,0.0,7.83,0.0,0.0,82.3
59.39,16.79,5.31,7.39,4.08,3.1,0.0,88.5
58.4,19.3,9.95,8.1,0.14,0.19,0.0,93.8
58.6,19.6,9.9,8.7,0.15,0.19,0.0,94.2
58.1,19.5,9.95,8.3,0.13,0.21,0.0,94.6
58.1,19.05,9.95,7.85,0.23,0.33,0.0,95.5
57.8,19.3,9.7,7.6,0.21,0.46,0.0,96.9
59.73,16.76,9.53,8.94,0.23,0.37,0.0,93.9
59.65,23.16,1.21,0.0,13.89,0.0,0.0,70.9
56.99,22.81,1.19,0.0,12.76,4.19,0.0,70.33
56.71,22.7,1.19,0.0,11.79,5.56,0.0,70.0
56.89,22.78,1.79,0.0,10.91,5.57,0.0,69.62
57.08,22.75,1.2,1.0,11.98,3.92,0.0,70.1
56.01,22.79,0.0,0.99,12.03,3.88,0.0,70.12
55.96,22.77,0.3,0.99,11.11,4.57,0.0,69.88
56.93,21.21,1.01,0.0,10.52,6.12,0.0,70.17
57.5,21.66,1.01,0.0,9.51,6.11,0.0,70.22
56.21,21.31,1.49,0.17,12.31,6.14,0.0,69.1
56.66,21.33,0.24,0.0,13.52,5.69,0.0,69.6
56.23,21.41,1.19,0.0,12.74,6.27,0.0,69.5
56.17,21.8,0.77,0.0,12.89,5.7,0.0,69.8
63.97,21.59,2.35,9.46,0.0,0.0,0.0,85.9
57.88,24.97,1.02,11.49,0.0,0.0,0.0,87.7
66.59,15.75,1.91,0.0,14.82,0.0,0.0,70.0764
65.66,16.18,1.94,0.0,14.79,0.0,0.0,70.3317
70.05,12.88,1.91,0.0,14.68,0.0,0.0,69.7659
72.19,11.31,1.28,0.0,14.74,0.0,0.0,69.828
58.46,21.03,4.93,0.07,15.16,0.0,0.0,74.44
57.19,20.61,0.07,6.87,14.89,0.0,0.0,75.7
59.63,18.74,11.32,6.41,0.08,0.17,0.0,94.1
59.63,18.74,11.32,6.01,0.11,0.19,0.0,94.6
58.96,19.09,12.53,4.11,0.13,0.3,0.0,96.5
59.12,18.84,11.12,6.01,0.14,0.3,0.0,95.1
61.47,18.02,11.61,3.8,0.15,0.3,0.0,94.9
56.01,22.79,0.0,0.99,12.03,3.88,0.0,70.1
62.05,20.2,1.69,0.03,12.03,0.14,0.0,68.6205
61.85,20.52,1.76,0.03,11.89,0.14,0.0,68.7861
69.14,1.73,5.46,9.49,12.59,1.59,0.0,0.0
72.3,1.9,4.4,7.7,13.3,0.3,0.0,60.0
57.08,19.37,0.0,0.0,23.55,0.0,0.0,67.0
42.3,35.89,0.0,0.0,21.81,0.0,0.0,72.0
72.73,0.85,2.83,8.26,13.9,0.63,0.0,70.8
53.95,26.8,1.77,0.0,13.12,2.75,0.0,71.0
59.63,21.46,1.82,0.0,12.49,0.85,0.0,68.0
71.97,3.07,2.69,8.05,13.44,0.78,0.0,73.0
59.0,23.6,1.6,0.0,15.3,0.0,0.0,70.0
57.2,23.5,1.6,0.0,16.6,0.0,0.0,70.0
57.9,22.8,1.6,0.0,16.6,0.0,0.0,70.0
53.86,24.93,16.42,4.57,0.08,0.0,0.0,102.7
57.77,21.3,18.87,0.15,0.05,0.02,0.0,101.8
57.22,21.11,16.03,3.71,0.21,0.0,0.0,100.0
53.38,24.69,13.35,6.79,0.05,0.02,0.0,100.9
53.71,24.85,15.06,4.55,0.05,0.02,0.0,102.2
56.33,24.93,16.76,0.14,0.05,0.02,0.0,101.9
54.27,25.12,18.27,0.16,0.05,0.02,0.0,101.8
54.44,25.18,19.22,0.15,0.05,0.0,0.0,104.3
52.16,30.56,14.63,0.12,0.05,0.01,0.0,103.2
54.46,25.2,19.92,0.17,0.08,0.0,0.0,104.4
54.08,25.02,16.49,0.14,0.05,0.02,0.0,100.7
53.83,24.92,18.06,0.15,0.05,0.02,0.0,101.0
53.54,24.77,13.71,4.54,0.05,0.02,0.0,100.0
52.36,30.68,16.6,0.14,0.08,0.0,0.0,105.2
51.8,30.37,13.26,4.39,0.08,0.004434,0.0,103.4
50.65,35.17,13.9,0.11,0.05,0.01,0.0,106.2
59.3,17.4,10.6,8.2,0.23,0.38,0.0,94.4
59.6,16.9,9.6,8.3,0.21,0.41,0.0,96.3
59.4,16.9,9.3,9.7,0.21,0.38,0.0,93.7
59.1,17.5,10.5,8.5,0.21,0.38,0.0,94.0
58.4,19.1,9.8,9.5,0.28,0.51,0.0,93.8
59.5,16.4,9.2,10.8,0.21,0.51,0.0,92.4
60.2,16.6,9.2,9.7,0.21,0.43,0.0,93.6
58.0,18.8,9.2,9.7,0.23,0.43,0.0,94.4
58.0,19.0,9.2,9.9,0.23,0.43,0.0,93.0
58.0,19.0,9.2,9.9,0.23,0.43,0.0,92.8
61.48,18.0,3.0,0.0,14.5,2.0,0.0,71.0
72.01,1.81,4.01,8.63,13.04,0.5,0.0,73.0
67.3,5.72,9.63,1.0,15.25,1.1,0.0,73.0
62.0,18.0,3.0,0.0,15.0,1.0,0.0,71.0
60.0,19.0,4.0,0.0,15.5,0.0,0.0,71.0
72.1,1.8,4.0,8.6,13.0,0.5,0.0,73.0
61.8,16.8,5.3,0.0,15.2,0.9,0.0,72.0
67.4,5.7,9.6,1.0,15.2,1.1,0.0,73.0
59.1,23.6,1.6,0.0,15.3,0.0,0.0,71.0
65.45,16.35,5.82,6.29,5.96,0.0,0.0,83.0
65.5,11.7,10.57,0.0,9.15,0.0,0.0,82.0
62.6,20.58,6.07,6.27,0.009622,0.0,0.0,88.0
52.37,29.62,0.0,0.0,18.01,0.0,0.0,68.0
67.13,8.14,0.0,0.0,24.73,0.0,0.0,0.0
30.98,48.53,0.0,0.0,20.49,0.0,0.0,0.0
43.94,44.73,0.0,0.0,11.33,0.0,0.0,84.0
43.94,44.73,0.0,0.0,11.33,0.0,0.0,86.6
74.43,1.71,2.02,9.39,12.45,0.0,0.0,73.2
72.87,1.67,1.98,9.19,8.12,6.17,0.0,71.4
69.8,1.62,2.57,8.03,0.0,17.98,0.0,64.7
64.02,17.31,1.87,0.0,12.44,4.36,0.0,73.6
64.7,13.91,2.44,0.0,7.52,11.43,0.0,71.1
59.37,17.77,2.34,0.0,0.0,20.52,0.0,65.4
59.98,16.95,9.73,8.02,0.21,0.42,0.0,95.2
59.5,16.23,9.48,9.18,0.23,0.38,0.0,95.4
59.29,17.08,11.05,8.14,0.23,0.37,0.0,94.4
59.48,16.85,11.23,6.82,0.23,0.51,0.0,96.9
62.25,15.73,9.42,8.92,0.23,0.42,0.0,93.5
59.86,15.09,10.74,9.12,0.23,0.38,0.0,94.6
59.35,15.54,9.62,10.32,0.21,0.43,0.0,94.2
59.47,16.75,9.73,9.43,0.22,0.38,0.0,94.0
59.48,16.85,9.93,8.32,0.23,0.36,0.0,94.8
60.66,17.64,10.38,9.57,0.34,0.39,0.0,91.6
59.95,17.64,10.38,10.28,0.34,0.39,0.0,91.5
59.3,17.64,11.03,10.28,0.34,0.39,0.0,92.4
58.8,18.85,11.03,9.57,0.34,0.39,0.0,93.8
59.61,17.64,11.43,9.57,0.34,0.39,0.0,93.1
59.31,17.64,9.97,11.33,0.34,0.39,0.0,91.2
57.55,19.85,11.23,8.47,0.4,0.34,0.0,93.3
58.7,19.45,11.33,7.32,0.4,0.34,0.0,93.1
58.7,18.65,11.03,8.12,0.4,0.34,0.0,92.5
59.7,18.85,11.83,6.42,0.4,0.34,0.0,93.3
59.25,18.45,10.83,9.27,0.4,0.34,0.0,92.4
59.86,17.84,10.43,9.82,0.4,0.34,0.0,92.3
59.86,17.84,10.43,9.52,0.4,0.34,0.0,92.9
59.86,17.84,10.43,8.72,0.4,0.34,0.0,94.0
59.86,17.84,9.12,10.88,0.4,0.34,0.0,91.4
59.86,17.84,10.43,9.57,0.4,0.34,0.0,92.3
59.86,17.84,11.83,8.17,0.4,0.34,0.0,93.4
58.24,19.45,10.48,10.03,0.4,0.34,0.0,92.7
58.84,18.85,10.48,10.03,0.4,0.34,0.0,92.7
60.55,17.14,10.48,10.03,0.4,0.34,0.0,91.2
60.54,16.08,9.63,9.43,0.21,0.43,0.0,92.1
53.75,24.28,3.96,0.0,11.71,6.3,0.0,75.8
51.62,24.21,3.95,0.0,11.77,6.28,0.0,74.2
70.68,1.1,4.0,9.81,13.81,0.5,0.0,70.0
73.0,1.0,4.0,8.0,14.0,0.0,0.0,82.1
67.11,4.33,0.07,12.45,12.04,0.0,0.0,81.0
67.73,4.03,1.93,10.45,12.17,0.0,0.0,81.3
68.12,3.9,3.82,8.39,12.05,0.0,0.0,80.8
68.55,3.76,5.81,6.3,12.06,0.0,0.0,80.5
68.69,3.96,7.55,4.26,12.35,0.0,0.0,78.85
69.55,3.48,9.7,2.2,11.96,0.0,0.0,78.85
70.28,3.5,11.01,0.0,12.56,0.0,0.0,77.7
